Team,Overall,Speed,Strength,Agility,Awareness,Catching,Carrying,Throw Power,Run Block,Pass Block,Tackle,Jumping,Kick Return,Injury,Stamina,Toughness,Trucking,Elusiveness,Ball Carrier Vision,Stiff Arm,Spin Move,Juke Move,Impact Blocking,Power Moves,Finesse Moves,Block Shedding,Pursuit,Play Recognition,Man Coverage,Zone Coverage,Spectacular Catch,Catch In Traffic,Route Running,Hit Power,Press,Release,Throw Accuracy Short,Throw Accuracy Med,Throw Accuracy Deep,Play Action,Result
49ers,72.84931507,78.20547945,70.91780822,77.35616438,65,53.63013699,57.94520548,29.17808219,49.7260274,46.45205479,52.71232877,74.19178082,29.15068493,86.67123288,84.8630137,79.46575342,37.83561644,45.05479452,46.12328767,34.54794521,47.15068493,49.90410959,49.69863014,35.98630137,31.84931507,49.39726027,56.2739726,42.16438356,30.10958904,36.73972603,39.06849315,37.61643836,31.10958904,44.49315068,29.31506849,31.80821918,15.35616438,13.56164384,11.06849315,10.09589041,2
Bears,71.5,76.71621622,70.37837838,75.45945946,65.5,52.44594595,56.2027027,27.72972973,50.31081081,47.75675676,53.51351351,70.64864865,25.12162162,87.67567568,84.28378378,79.47297297,36.86486486,41.63513514,45.27027027,38.62162162,45.72972973,48.72972973,50.45945946,37.45945946,35.67567568,46.7027027,57.37837838,42.56756757,32.09459459,39.31081081,37.59459459,36.36486486,31.09459459,45.82432432,29.43243243,31.48648649,12.64864865,11.37837838,9.689189189,9.175675676,5
Bengals,71.89189189,76.28378378,71.81081081,76.43243243,64.2972973,51.2972973,57.2027027,27.98648649,49.91891892,48.36486486,51.45945946,74.2027027,29.25675676,89.35135135,84.94594595,81.51351351,39.97297297,43.68918919,44,36.97297297,46.35135135,49.21621622,49.67567568,35.82432432,33.43243243,45.7972973,54.17567568,41.54054054,30.68918919,36.12162162,38.93243243,36.89189189,30.97297297,44.22972973,30.86486486,32.97297297,14.54054054,12.5,10.51351351,10.27027027,4
Bills,72.33783784,75.44594595,71.77027027,75.08108108,65.2027027,50.08108108,55.94594595,30.37837838,50.77027027,48.78378378,51.66216216,71.08108108,28.16216216,87.74324324,83.98648649,81.16216216,34.33783784,40.25675676,39.52702703,36.7972973,40.67567568,45.35135135,49.97297297,38.41891892,32.95945946,47.06756757,55.06756757,42.33783784,29.47297297,35.54054054,35.77027027,34.25675676,29.78378378,44.62162162,27.22972973,32.21621622,15.43243243,13.89189189,11.74324324,10.18918919,5
Broncos,71.08108108,76.93243243,68.89189189,75.97297297,64.36486486,52.27027027,55.85135135,30.22972973,48.87837838,47.47297297,50.2027027,72.47297297,27.37837838,86.72972973,85,79.2972973,37.21621622,42.81081081,44.83783784,36.97297297,46.54054054,48.18918919,48.40540541,33.25675676,30.45945946,43.77027027,52.10810811,42.09459459,30.7972973,37.89189189,38.14864865,36.67567568,31.51351351,40.7027027,29.89189189,31.52702703,15.32432432,13.28378378,11.56756757,10.54054054,4
Browns,70.08108108,74.98648649,69.98648649,75.22972973,63.91891892,50.06756757,55.35135135,27.75675676,50.7027027,48.47297297,53.31081081,72.72972973,24.66216216,88.28378378,84.14864865,81.09459459,37.52702703,41.14864865,43.25675676,35,42.87837838,46.81081081,50.98648649,35.93243243,33.56756757,47.32432432,55.83783784,42.01351351,27.93243243,33.97297297,36.98648649,34.97297297,29.94594595,43.63513514,25.40540541,30.47297297,14.60810811,12.62162162,11.05405405,10.01351351,5
Buccaneers,70.47297297,75.87837838,69.45945946,75.44594595,62.40540541,50.24324324,55.17567568,29.09459459,50.58108108,48.05405405,53.33783784,73.13513514,25.24324324,88.45945946,84.51351351,81,38,41.2027027,41.24324324,35.04054054,41.85135135,46.59459459,50.48648649,39.28378378,35.89189189,48.28378378,55.5,43.72972973,30.68918919,38.60810811,35.87837838,33.82432432,28.81081081,45.32432432,30.25675676,30.02702703,14.27027027,12.28378378,10.71621622,9.918918919,5
Cardinals,70.7972973,75.47297297,71.40540541,74.59459459,64.60810811,48.97297297,56.82432432,29.89189189,49.78378378,47.27027027,52,71.7972973,26.64864865,87.36486486,84.33783784,79.21621622,36.5,42.7027027,41.90540541,34.59459459,43.47297297,46.2972973,50.10810811,34.10810811,33.47297297,46.78378378,54.98648649,43.33783784,29.68918919,35.16216216,35.56756757,34.48648649,29.93243243,42.05405405,27.83783784,32.68918919,15.2972973,13.48648649,11.71621622,10.24324324,5
Chargers,72.5,74.60810811,71.04054054,74.12162162,67.54054054,49.7027027,56.62162162,28.48648649,49.95945946,48.39189189,52.51351351,69.13513514,26.06756757,87.24324324,83.81081081,80.18918919,36.13513514,40.47297297,41.08108108,32.89189189,41.12162162,44.40540541,49.98648649,37.94594595,33.18918919,47.27027027,54.67567568,41.08108108,28.45945946,35.25675676,35.06756757,34.39189189,30.14864865,43.12162162,25.81081081,32.82432432,15.91891892,14.22972973,11.93243243,11.02702703,5
Chiefs,71.67567568,76.2972973,70.85135135,76.5,64.75675676,51.32432432,56.83783784,28.32432432,50.95945946,49.44594595,54.75675676,74.05405405,27.72972973,87.59459459,84.41891892,81.7027027,35.98648649,39.94594595,40.40540541,33.7972973,42.93243243,47.37837838,50.78378378,38.58108108,35.04054054,47.25675676,57.56756757,44.66216216,31.47297297,36.67567568,35.55405405,33.83783784,28.55405405,44.7972973,31.87837838,30.45945946,13.37837838,11.72972973,9.945945946,9.932432432,5
Colts,69.09459459,76.90540541,69.10810811,75.39189189,63.12162162,50.72972973,54.21621622,28.24324324,48.58108108,48.5,51.18918919,72.72972973,29.78378378,86.36486486,84.67567568,79.18918919,34.60810811,42.82432432,43.78378378,31.59459459,45.90540541,47.82432432,48.10810811,33.74324324,32.90540541,45.93243243,54.04054054,43.90540541,30.13513514,37.13513514,36.5,34.82432432,29.95945946,41.77027027,28.47297297,31.27027027,13.90540541,12.25675676,10.2027027,8.972972973,4
Cowboys,70.58108108,76.41891892,70.75675676,75.10810811,63.10810811,51.14864865,57.18918919,30.32432432,49.98648649,47.95945946,51.7027027,74.62162162,28.04054054,89.06756757,84.55405405,79.87837838,37.56756757,41.12162162,42.55405405,34.06756757,42.48648649,46.93243243,49.62162162,34.63513514,32.55405405,45.43243243,54.87837838,41.21621622,30.04054054,34.82432432,36.02702703,35.91891892,29.91891892,42.18918919,28.62162162,30.72972973,16.04054054,14.04054054,11.86486486,11.10810811,5
Dolphins,70.41891892,77.16216216,69.56756757,75.47297297,63.82432432,52.22972973,54.78378378,29.35135135,50.10810811,48,50.21621622,73.08108108,28.51351351,87.44594595,84.66216216,77.28378378,35.40540541,42.66216216,42.31081081,33.72972973,46.04054054,48.78378378,49.48648649,35.97297297,32.59459459,46.04054054,54.52702703,40.37837838,31.55405405,36.47297297,38.22972973,37.59459459,31.82432432,43.09459459,27.87837838,32.59459459,15.18918919,13.06756757,11.14864865,10.91891892,5
Eagles,72.37837838,76.94594595,68.48648649,77.21621622,64.59459459,51.55405405,54.28378378,28.64864865,50.13513514,48.7972973,51.06756757,73.48648649,29.14864865,86.51351351,85.56756757,78.45945946,31.17567568,41.81081081,40.97297297,31.13513514,43.27027027,44.01351351,49.67567568,35.36486486,34.59459459,45.27027027,57.48648649,44.44594595,32.5,37.31081081,37.17567568,34.51351351,28.85135135,42.97297297,28.36486486,30.28378378,14.72972973,12.82432432,10.87837838,10.66216216,5
Falcons,70.85135135,75.63513514,69.68918919,74.62162162,65.74324324,51.44594595,55.95945946,29.25675676,50.85135135,49.86486486,49.28378378,71.27027027,26.39189189,87.32432432,85.14864865,78.25675676,35.78378378,40.54054054,43.91891892,34.90540541,43.72972973,48.64864865,50.67567568,35,33.40540541,42.89189189,53.59459459,41.59459459,29.68918919,35.95945946,37.14864865,34.55405405,28.71621622,42.35135135,28.56756757,29.45945946,15.33783784,13.24324324,10.67567568,10.77027027,3
Giants,72.98648649,76.66216216,70.82432432,76.31081081,65.83783784,50.41891892,56.28378378,30.95945946,50.59459459,49.31081081,50.81081081,71.37837838,30.24324324,86.51351351,85.17567568,79.85135135,36.95945946,43.5,45.85135135,34.77027027,46.37837838,50.10810811,50.33783784,36.62162162,37.32432432,45.47297297,56.87837838,43.18918919,33.75675676,39.33783784,38.85135135,36.86486486,28.95945946,43.16216216,30.77027027,31.60810811,15.24324324,13.56756757,12.18918919,10.77027027,5
Jaguars,70.85135135,75.90540541,69.81081081,75.09459459,65.02702703,51.36486486,56.63513514,27.72972973,50.2972973,47.27027027,50.04054054,71.56756757,27.56756757,88.31081081,84.43243243,77.66216216,35.44594595,41.83783784,42.98648649,36.21621622,44.2972973,48.55405405,50.68918919,35.2027027,31.59459459,43.64864865,54.13513514,39.28378378,29.95945946,36.56756757,36.45945946,35.95945946,30.05405405,41.95945946,27.41891892,31.01351351,14.95945946,13.12162162,11.06756757,9.972972973,5
Jets,70.44594595,75.60810811,71.52702703,74.24324324,62.7972973,47,55.5,30.06756757,49.54054054,47.83783784,51.37837838,71.67567568,26.83783784,88.51351351,84.86486486,79.89189189,40.21621622,43.81081081,43.44594595,35.18918919,44.78378378,47.36486486,50.28378378,34.7027027,32.5,46.81081081,54,41.44594595,29.12162162,35.72972973,36,34.52702703,27.63513514,42.5,28.44594595,30.58108108,15.54054054,13.97297297,11.97297297,10.71621622,5
Lions,72.09459459,76.67567568,68.63513514,75.83783784,65.75675676,52.04054054,56.2027027,27.5,48.83783784,48.59459459,49.74324324,71.60810811,29.89189189,87.22972973,85.16216216,79.74324324,34.90540541,41.87837838,44.06756757,36.52702703,46.02702703,49.77027027,49.08108108,33.94594595,32.5,43.81081081,55.01351351,42.16216216,31.68918919,37.62162162,36.85135135,36.60810811,30.66216216,43.68918919,30.22972973,32.32432432,14.75675676,12.7027027,10.21621622,9.72972973,5
Packers,72.01351351,76.7027027,71.41891892,75.82432432,65.17567568,53.2027027,56.08108108,30.18918919,49.71621622,48.60810811,54.08108108,73.36486486,25.66216216,88.09459459,85.16216216,79.2027027,39.64864865,41.02702703,40.37837838,35.72972973,41.62162162,44.60810811,50.36486486,38.55405405,35.31081081,48.05405405,57.36486486,43.59459459,30.39189189,36.90540541,38.09459459,37.31081081,30.71621622,45.06756757,28.21621622,34.17567568,15.64864865,13.7027027,11.18918919,9.716216216,4
Panthers,71.94594595,75.85135135,71.63513514,74.78378378,63.93243243,49.27027027,55.04054054,28.16216216,51.97297297,50.02702703,50.10810811,71.89189189,27.95945946,87.2027027,85.43243243,80.08108108,33.51351351,42.41891892,42.14864865,35.18918919,41.94594595,46.64864865,51.09459459,36.48648649,33.01351351,46.36486486,56.45945946,41.41891892,31.91891892,37.48648649,35.91891892,35.32432432,28.87837838,43.75675676,30.86486486,29.02702703,14.18918919,12.63513514,11.13513514,10.2972973,5
Patriots,74.27027027,76.05405405,70.17567568,75.91891892,68.68918919,52.68918919,56.17567568,29.91891892,49.68918919,48.14864865,53.08108108,69.71621622,29.97297297,86.52702703,85.2972973,80.52702703,37.45945946,40.05405405,44.78378378,35.51351351,43.67567568,46.97297297,50.36486486,37.90540541,33.13513514,49.16216216,55.71621622,44.62162162,32.45945946,39,35.14864865,34.55405405,31.82432432,44.86486486,29.55405405,30.39189189,15.64864865,13.77027027,11.67567568,11.72972973,3
Raiders,70.2972973,76.5,71.12162162,75.27027027,62.5,50.28378378,55.63513514,29.94594595,51.24324324,48.27027027,52.10810811,73.7972973,26.47297297,87.58108108,84.02702703,79.85135135,36.86486486,40.43243243,40.2972973,36.60810811,43.08108108,45.98648649,52.09459459,35.68918919,31.60810811,45.93243243,53,39.59459459,27.77027027,34.02702703,36.55405405,35.91891892,29.06756757,43.51351351,28.87837838,33.08108108,13.25675676,11.85135135,9.945945946,9.405405405,5
Rams,68.77027027,74.63513514,70.62162162,75.05405405,60.95945946,52.35135135,55.32432432,27.74324324,50.40540541,47.74324324,49.93243243,73.97297297,24.71621622,88.10810811,84.75675676,79.74324324,38.32432432,40.59459459,41.39189189,36.44594595,42.02702703,45.17567568,51.09459459,33.71621622,31.5,43.71621622,53.13513514,38.27027027,28.44594595,34.82432432,37.12162162,36.13513514,30.06756757,42.67567568,28.01351351,30.63513514,14.40540541,12.62162162,10.51351351,9.986486486,5
Ravens,71.25675676,74.17567568,73.5,73.45945946,64.2972973,48.72972973,54.74324324,28.58108108,51.86486486,48.83783784,52.2972973,71.21621622,26.7972973,87.40540541,84.36486486,82.04054054,37.24324324,42.36486486,40.7972973,36.12162162,41.72972973,43.71621622,51.32432432,35.24324324,31.60810811,47.05405405,54.09459459,41.83783784,30.55405405,36.09459459,34.64864865,33.72972973,27.62162162,43.2972973,27.31081081,30.97297297,14.18918919,12.5,10.44594595,9.689189189,1
Redskins,71.55405405,75.95945946,70.48648649,74.91891892,66.54054054,50.67567568,54.85135135,29.64864865,50.24324324,47.91891892,51.81081081,72.58108108,30.91891892,87.06756757,84.22972973,79.55405405,33.71621622,42.01351351,41.90540541,31.89189189,43.56756757,47.2027027,50.83783784,35.16216216,32.12162162,45.55405405,54.89189189,41.72972973,30.58108108,37.04054054,35.90540541,34.48648649,29.56756757,44.71621622,28.77027027,30.51351351,14.91891892,13.16216216,11.58108108,10.62162162,4
Saints,72.25675676,76.05405405,69.06756757,75.64864865,65.21621622,53.24324324,56.22972973,28.36486486,48.5,47.2027027,50.67567568,70.56756757,25.95945946,87.60810811,84.74324324,77.28378378,33.59459459,41.08108108,40.67567568,33.28378378,42.18918919,44.81081081,47.75675676,36.90540541,33.27027027,46.41891892,55.39189189,42.22972973,32.02702703,38.63513514,35.33783784,34.5,29.12162162,44.95945946,30.64864865,28.52702703,13.7027027,12.52702703,10.48648649,10.16216216,5
Seahawks,71.77027027,77.54054054,70.86486486,75.98648649,64.78378378,52.08108108,55.63513514,28.86486486,49.08108108,46.7972973,51.45945946,73.18918919,26.47297297,86.98648649,83.41891892,81.12162162,36.75675676,44.64864865,42.87837838,35.54054054,44.2972973,46.81081081,48.59459459,36.41891892,33,46.43243243,54.55405405,41.2972973,32.10810811,36.09459459,37.67567568,36.48648649,28.95945946,43.51351351,30.09459459,31.58108108,14.2972973,12.62162162,11.09459459,9.918918919,4
Steelers,72,74.83783784,71.94594595,74.82432432,65.56756757,49.7027027,54.59459459,28.37837838,49.47297297,47.83783784,51.87837838,72.51351351,27.21621622,86.60810811,84.97297297,80.28378378,37.44594595,42.13513514,43.10810811,33.40540541,43.12162162,46.67567568,50.48648649,35.12162162,34.40540541,47.94594595,53.68918919,41.22972973,28.7972973,35.51351351,35.89189189,33.67567568,28.39189189,41.89189189,26.72972973,31.09459459,16.2027027,14.21621622,12.16216216,11.37837838,5
Texans,71.22972973,77.06756757,69.33783784,75.08108108,64.97297297,51.52702703,55.04054054,27.91891892,49.01351351,47.28378378,51.58108108,74.14864865,25.54054054,87.67567568,85.36486486,79.24324324,35.91891892,40.86486486,43.56756757,32.05405405,44.25675676,47.04054054,48.85135135,39.12162162,33.60810811,47.09459459,54.37837838,43.81081081,30.14864865,37.12162162,35.45945946,33.93243243,28.91891892,45.41891892,28.47297297,27.85135135,15.66216216,13.56756757,11.16216216,11.21621622,4
Titans,71.48648649,74.86486486,70.77027027,74.27027027,64.58108108,48.16216216,54.66216216,27.63513514,49.41891892,49.25675676,52.52702703,70.48648649,27.12162162,88.18918919,83.44594595,77.21621622,33.37837838,40.68918919,41.81081081,32.74324324,42.21621622,45.48648649,49.72972973,38.14864865,36.10810811,47.10810811,54.85135135,42.40540541,28.78378378,35.71621622,36.72972973,35.2972973,28.24324324,44.18918919,29.09459459,29.37837838,12.59459459,11.16216216,9.648648649,9.864864865,5
Vikings,70.59459459,76.45945946,70.27027027,75.52702703,63.06756757,51.54054054,56.90540541,30.05405405,52,49.10810811,51.71621622,73.54054054,27.56756757,88.7972973,84.95945946,80.5,37.52702703,42.60810811,44.02702703,37.71621622,45.39189189,48.41891892,51.40540541,33.45945946,31.41891892,45.13513514,53.40540541,40.37837838,30.75675676,36.56756757,38.94594595,37.90540541,30.90540541,43.89189189,30.21621622,32.37837838,13.67567568,12.09459459,10.17567568,8.932432432,4
49ers,75.84722222,77.97222222,71.22222222,77.25,68.93055556,54.15277778,58.95833333,30.52777778,53.65277778,47.36111111,54.11111111,74.68055556,30.59722222,87.05555556,86.61111111,81.52777778,41.16666667,43.94444444,48.95833333,39.27777778,49.01388889,50.375,51.88888889,38.36111111,33.70833333,52.95833333,58.01388889,44.80555556,32.95833333,39.13888889,42.09722222,40.69444444,32.75,46.16666667,31.04166667,35.29166667,16.18055556,14.31944444,11.875,11.01388889,3
Bears,72.94520548,76.09589041,71.71232877,75,67.28767123,52.50684932,56.82191781,29.1369863,54.01369863,50.09589041,54.09589041,71.52054795,24.53424658,88.53424658,85.4109589,80.10958904,37.31506849,39.09589041,43.78082192,38.65753425,45.21917808,48.69863014,52.53424658,38.38356164,37.19178082,49.97260274,56.47945205,44.30136986,33.65753425,40.94520548,37.16438356,36.10958904,29.34246575,48.8630137,31.52054795,31.42465753,12.36986301,11.12328767,9.767123288,8.931506849,5
Bengals,74.68055556,77.20833333,71.63888889,76.69444444,66.84722222,52.875,58.63888889,31.09722222,52.66666667,50.22222222,51.09722222,74.625,29.75,88.95833333,86.13888889,81.375,40.98611111,44.375,45.47222222,37.88888889,47.45833333,48.16666667,51.59722222,34.26388889,33.20833333,47.20833333,53.08333333,40.73611111,32.51388889,37.41666667,40.68055556,38.5,32.45833333,41.77777778,29.36111111,34.45833333,16.86111111,14.875,13.16666667,11.20833333,4
Bills,70.95945946,76.28378378,70.85135135,75.66216216,62.93243243,51.04054054,56.14864865,29.43243243,53.27027027,49.82432432,49.04054054,73.85135135,28.39189189,87.94594595,84.41891892,80.21621622,36.72972973,40.78378378,41.7972973,36.5,43.7972973,47.37837838,51.72972973,34.01351351,31.55405405,45.89189189,51.56756757,39.18918919,31.75675676,36.56756757,38.62162162,36.56756757,30.22972973,40.82432432,26.13513514,33.5,14.95945946,13.09459459,11.21621622,9.594594595,5
Broncos,74.20588235,76.22058824,70.79411765,75.45588235,67.11764706,52.39705882,56.73529412,29.27941176,52.69117647,50.02941176,51.35294118,72.33823529,28.41176471,88.64705882,85.04411765,81.27941176,35.35294118,41.80882353,42.97058824,35.95588235,44.27941176,45.60294118,50.11764706,36.13235294,31.51470588,47.13235294,53.25,42.38235294,32.05882353,37.83823529,39.01470588,36.83823529,31.69117647,43.01470588,30.19117647,32.48529412,15.35294118,13.55882353,11.64705882,10.32352941,2
Browns,72.45714286,74.91428571,70.78571429,75.05714286,66.97142857,51.74285714,55.9,29.25714286,53.6,49.6,52.52857143,73.58571429,25.91428571,88.47142857,84.15714286,80.01428571,38.68571429,38.7,43.91428571,37.24285714,43.32857143,46.97142857,51.97142857,35.42857143,33.04285714,48.07142857,53.68571429,39.91428571,30.34285714,34.88571429,36.57142857,35.24285714,29.81428571,42.58571429,27.1,30.38571429,14.05714286,12.48571429,10.94285714,9.742857143,5
Buccaneers,72.76388889,75.93055556,70.26388889,75.33333333,66.09722222,51.88888889,55.68055556,32.18055556,52.43055556,48.58333333,53.26388889,73.76388889,25.69444444,89.05555556,84.52777778,80.02777778,37.23611111,40.38888889,41.18055556,35.44444444,41.23611111,44.29166667,50.80555556,37.66666667,34.55555556,49.41666667,55.86111111,42.55555556,31.65277778,38.95833333,35.88888889,35.09722222,28.23611111,46.19444444,28.95833333,29.30555556,16.5,14.36111111,12.61111111,10.93055556,5
Cardinals,73.02985075,75.98507463,71.14925373,75.49253731,66.6119403,52.19402985,56.37313433,30.46268657,51.76119403,49.2238806,51.89552239,73.17910448,28.82089552,89.04477612,85.95522388,79.26865672,36.29850746,41.13432836,43.04477612,34.88059701,45.49253731,46.20895522,51.10447761,35.71641791,33.1641791,47.74626866,53.68656716,42.68656716,32.28358209,37.3880597,36.17910448,36.11940299,30.37313433,44.34328358,27.26865672,32.10447761,14.08955224,12.85074627,11.29850746,10.23880597,5
Chargers,72.27941176,74.76470588,70.83823529,74.66176471,67.16176471,52.91176471,55.58823529,27.58823529,52.85294118,49.01470588,51.77941176,71.69117647,25.39705882,86.25,85.39705882,79.13235294,37.19117647,40.19117647,42.20588235,34.73529412,42.97058824,45.5,51.29411765,35.57352941,30.69117647,48.13235294,52.58823529,40.73529412,31.55882353,37.16176471,37.89705882,36.30882353,30.33823529,42.16176471,26,33.44117647,14.35294118,12.61764706,10.60294118,9.558823529,4
Chiefs,73.5625,77.21875,70.390625,76.53125,66.921875,52.65625,57.4375,31.75,52.65625,49.28125,53.515625,74.5625,26.5625,88.234375,85.859375,82.234375,38.625,40.75,44.25,36.515625,45.21875,47.9375,51.53125,35.65625,32.734375,50,55.609375,41,30.75,35.21875,39.703125,39.03125,32.359375,43.296875,29.09375,33.875,16.59375,14.71875,12.546875,11.28125,4
Colts,72.52702703,75.51351351,72.63513514,73.62162162,67.01351351,49.64864865,53.59459459,26.68918919,52.74324324,49.87837838,53.58108108,73.2027027,26.04054054,87.58108108,84.27027027,78.33783784,34.2027027,39.05405405,39.60810811,32.95945946,41.63513514,42.77027027,50.37837838,38.98648649,34.44594595,50.86486486,56.01351351,43.86486486,31.67567568,37,35.51351351,33.33783784,27.63513514,44.94594595,27.13513514,28.91891892,13.36486486,11.55405405,9.662162162,9.513513514,4
Cowboys,72.50724638,76,70.11594203,75.65217391,65.34782609,54.85507246,57.76811594,29.52173913,53.92753623,49.73913043,51.27536232,76.13043478,27.85507246,89.53623188,85.4057971,80.82608696,36.60869565,41.33333333,43.23188406,36.02898551,41.95652174,47.7826087,51.49275362,34.24637681,32.62318841,46.49275362,54.94202899,41.39130435,32.63768116,37.95652174,41.31884058,39.95652174,31.11594203,42.1884058,29.79710145,32.8115942,14.31884058,12.31884058,10.37681159,9.608695652,5
Dolphins,72.79166667,78.09722222,68.31944444,76.54166667,65.125,54.23611111,55.93055556,31.70833333,52.43055556,49.56944444,50.93055556,76.56944444,28.27777778,88.54166667,85.93055556,77.56944444,37.11111111,44.94444444,45.70833333,35.15277778,47.90277778,49.56944444,51.31944444,34.44444444,32.55555556,47.02777778,53.34722222,40.83333333,33.875,38.36111111,41.02777778,40.47222222,31.875,44.20833333,28.25,34.44444444,16.65277778,14.33333333,12.55555556,11.31944444,5
Eagles,72.84931507,77.67123288,69.75342466,76.30136986,65.78082192,53.83561644,56.5890411,29.47945205,53.09589041,48.98630137,50.8630137,75.21917808,29.53424658,87.60273973,86.08219178,80.34246575,36.09589041,44.26027397,46.71232877,36.21917808,48.34246575,49.67123288,51.2739726,33.89041096,32.24657534,48.23287671,54.84931507,42.95890411,32.31506849,37.84931507,39.02739726,36.93150685,31.17808219,42.34246575,28.7260274,31.95890411,16.52054795,14.89041096,12.7260274,11.82191781,4
Falcons,72.3030303,76,69.06060606,75.8030303,65.36363636,55.25757576,58.46969697,30.45454545,52.25757576,49.01515152,50.77272727,74.1969697,27.33333333,87.16666667,85.46969697,78.10606061,37.68181818,39.96969697,45.83333333,39.56060606,45.72727273,50.13636364,50.3030303,35.71212121,34.86363636,46.27272727,53.63636364,41.77272727,31.65151515,38.10606061,40.31818182,37.34848485,30.96969697,43.45454545,30.10606061,30.81818182,14.92424242,13.33333333,11.24242424,10.5,5
Giants,73.60810811,75.67567568,71.7972973,74.93243243,67.66216216,49.04054054,55.83783784,30.35135135,53.14864865,49.33783784,51.63513514,73.10810811,27.54054054,86.85135135,85.28378378,78.7027027,35.25675676,41.09459459,43.52702703,34.56756757,43.75675676,47.21621622,51.45945946,36.72972973,34.93243243,48.39189189,55.60810811,43.33783784,32.13513514,38.56756757,36.58108108,35.83783784,27.81081081,45.41891892,30.41891892,29.54054054,15.12162162,13.59459459,11.91891892,10.7972973,5
Jaguars,71.20588235,76.85294118,67.64705882,77.23529412,64.47058824,52.32352941,57.54411765,33.25,50.82352941,47.51470588,50.55882353,75.05882353,31.44117647,88.70588235,85.64705882,78.83823529,33.82352941,44.36764706,45.64705882,33.10294118,45.64705882,50.17647059,49.27941176,34.26470588,31.20588235,45.5,53.17647059,39.41176471,30.72058824,35.98529412,37.35294118,36.92647059,29.97058824,41.91176471,26.63235294,32.44117647,18.08823529,16.08823529,13.72058824,12.30882353,5
Jets,71.54411765,75.97058824,70.30882353,75.32352941,65.55882353,51.30882353,55.44117647,30.39705882,52.19117647,48.64705882,50.89705882,74.14705882,30.45588235,88.66176471,84.83823529,79.79411765,39.05882353,42.83823529,44.32352941,38.13235294,45.86764706,49.30882353,49.70588235,35.30882353,31.85294118,47.79411765,53.47058824,40.35294118,32.07352941,38.01470588,39.57352941,37.61764706,30.02941176,43.88235294,29.35294118,33.76470588,15.32352941,13.55882353,11.52941176,10.54411765,5
Lions,72.84931507,77.65753425,69.34246575,76.94520548,66.61643836,55.04109589,58.43835616,29.53424658,51.20547945,48.95890411,50.83561644,74.79452055,31.56164384,87.15068493,86.01369863,79.75342466,39.78082192,43.73972603,47.49315068,39.53424658,49.49315068,52.65753425,50.16438356,36.16438356,32.90410959,47.43835616,55.64383562,41.95890411,33.34246575,39.32876712,41.19178082,39.7260274,32.26027397,46.05479452,33.02739726,33.36986301,14.82191781,12.60273973,10.34246575,9.808219178,5
Packers,73.88059701,76.43283582,72.40298507,75.43283582,66.85074627,53.80597015,55.92537313,30.34328358,53.23880597,50.71641791,53.11940299,74.91044776,26.68656716,88.73134328,85.44776119,78.65671642,38.28358209,38.26865672,41.2238806,36.31343284,41.62686567,43.2238806,53.1641791,35.37313433,32.62686567,47.6119403,52.56716418,40.47761194,31.02985075,37.8358209,39.05970149,37.89552239,30.65671642,42.25373134,26.43283582,34.67164179,16.34328358,14.19402985,11.49253731,9.985074627,4
Panthers,73.45588235,76.5,70.88235294,75.79411765,68.82352941,52.02941176,56.82352941,27.69117647,53.19117647,48.79411765,50.61764706,73.67647059,28.82352941,88.61764706,86.17647059,79.27941176,34.55882353,44.75,46.17647059,36.39705882,45.76470588,49.25,50.32352941,36.07352941,34.23529412,47.66176471,55.69117647,42.05882353,32.01470588,38.05882353,39.36764706,39.04411765,31.10294118,44.14705882,28.30882353,31.25,14.32352941,12.76470588,11.41176471,10.25,4
Patriots,75.98484848,77.36363636,71.18181818,76.84848485,69.89393939,55.37878788,58.40909091,30.60606061,53.77272727,48.48484848,53.8030303,73.92424242,31.92424242,87.15151515,86.60606061,81.68181818,43.33333333,40.90909091,47.04545455,40.65151515,46.12121212,48.57575758,51.93939394,38.98484848,34.59090909,50.95454545,57.1969697,44.46969697,35.07575758,42.37878788,38.12121212,38.78787879,32,46.62121212,32.5,33.93939394,15.57575758,13.89393939,11.92424242,11.51515152,3
Raiders,72.36231884,79,69.47826087,77.68115942,65.82608696,53.49275362,59.05797101,31.28985507,52.02898551,48.63768116,51.92753623,75.23188406,31.68115942,87.55072464,85.84057971,78.82608696,40.01449275,42.97101449,47.63768116,37.52173913,48.33333333,49.92753623,52.27536232,33.20289855,33.13043478,45.85507246,53.5942029,41.50724638,31.8115942,37.98550725,39.65217391,38.57971014,32.92753623,42.98550725,29.43478261,35.50724638,15.10144928,13.24637681,10.92753623,10.10144928,5
Rams,72.03174603,77.06349206,68.93650794,76.98412698,64.88888889,53.84126984,56.28571429,28.3968254,52.66666667,50.12698413,50.74603175,76.95238095,27.57142857,88.50793651,85.65079365,78.65079365,38.6031746,41.3968254,43.85714286,37.12698413,44.34920635,46.23809524,52.34920635,35.44444444,33.68253968,46.25396825,53.07936508,39.74603175,31.19047619,36.71428571,38.73015873,36.0952381,28.41269841,42.28571429,29.42857143,31.01587302,15.66666667,13.33333333,11.0952381,10.06349206,5
Ravens,73.29577465,75.83098592,73.15492958,75.04225352,67.64788732,51.09859155,56.85915493,27.15492958,53.15492958,49.30985915,54.07042254,74.16901408,28.09859155,88.53521127,85.14084507,81.97183099,37.53521127,41.15492958,41.87323944,35.29577465,41.38028169,43.47887324,51.47887324,38.42253521,34.69014085,50.71830986,56.4084507,43.09859155,33.81690141,38.73239437,37.6056338,35.35211268,27.66197183,46.38028169,29.47887324,31.98591549,13.61971831,12.11267606,10.45070423,9.591549296,5
Redskins,73.68918919,76.47297297,71.21621622,75.33783784,67.95945946,52.28378378,57.13513514,30.36486486,53.66216216,50.02702703,52.35135135,73.58108108,30.68918919,87.47297297,84.94594595,80.75675676,36.58108108,44.14864865,44.05405405,34.51351351,44.90540541,49.12162162,52.35135135,35.87837838,32.63513514,47.95945946,55.14864865,42.2027027,32.7027027,38.78378378,38.04054054,37.08108108,30.33783784,44.14864865,29.58108108,31.75675676,15.37837838,13.45945946,11.41891892,10.86486486,5
Saints,73.68918919,76.87837838,69.48648649,76.51351351,69.27027027,53.78378378,56.63513514,27.55405405,51.77027027,48.31081081,51.74324324,73.25675676,26.90540541,88.52702703,85.05405405,79.58108108,33.33783784,42.18918919,42.72972973,33.40540541,43.36486486,46.93243243,49.41891892,37.32432432,34.01351351,49.33783784,55.89189189,43.81081081,33.02702703,38.66216216,38.25675676,38,31.31081081,44.67567568,29.71621622,30.10810811,12.82432432,11.68918919,10.2972973,9.648648649,4
Seahawks,73.80821918,78.80821918,71.08219178,77.42465753,67.21917808,54.91780822,57.64383562,30.8630137,53.19178082,47.7260274,54.08219178,75.36986301,29.93150685,87.50684932,85.20547945,80.42465753,39.53424658,42.97260274,45.17808219,37.24657534,45.08219178,48.01369863,50.7260274,37.60273973,34.28767123,49.42465753,56.75342466,43.06849315,33.54794521,38.47945205,40.1369863,40.09589041,29.64383562,46.04109589,31.17808219,32.90410959,14.83561644,13.10958904,11.53424658,10.89041096,1
Steelers,72.5890411,77.09589041,69.53424658,76,67.04109589,51.39726027,55.60273973,28.83561644,50.8630137,47.2739726,53.94520548,75.01369863,28,87.95890411,85.57534247,79.83561644,37.2739726,41.76712329,44.28767123,34.71232877,44.98630137,47.91780822,50.68493151,36.46575342,36.12328767,49.64383562,55.80821918,42.49315068,33.09589041,38.47945205,36.21917808,35.38356164,28.38356164,44.32876712,29.98630137,32.56164384,16.89041096,14.30136986,11.61643836,11.19178082,5
Texans,73.41791045,77.13432836,71.34328358,75.32835821,66.7761194,53.44776119,57.92537313,29.3880597,52.31343284,49.89552239,52.11940299,74.88059701,26.37313433,87.71641791,86.92537313,80,38.85074627,39.91044776,44.53731343,36.62686567,45,47.31343284,50.86567164,38.47761194,32.97014925,48.14925373,53.20895522,42.62686567,30.65671642,35.28358209,37.89552239,36.79104478,30.20895522,44.25373134,26.91044776,31.02985075,15.7761194,13.64179104,11.55223881,11.47761194,5
Titans,74.33783784,75.60810811,71.45945946,75.12162162,68.66216216,50.40540541,55.66216216,28.93243243,52.64864865,48.71621622,50.82432432,72.31081081,27.60810811,89.35135135,83.81081081,77.66216216,35.41891892,40.28378378,41.71621622,33.60810811,41.62162162,44.72972973,50.44594595,37.24324324,36.75675676,47.17567568,54.56756757,41.87837838,30.56756757,37.71621622,37.62162162,37.24324324,28.72972973,44.98648649,29,30.86486486,14.43243243,12.43243243,10.93243243,10.66216216,5
Vikings,74.6119403,77.23880597,70.94029851,76.08955224,68.1641791,50.3880597,56,31,53.74626866,50.35820896,55.23880597,74.31343284,24.88059701,89.32835821,85.23880597,80.20895522,36.2238806,41.62686567,43.7761194,36.1641791,42.7761194,46.2238806,51.74626866,38.40298507,34.32835821,49.76119403,56.49253731,44.01492537,33.02985075,38.55223881,36.01492537,33.88059701,27.02985075,46.40298507,29.98507463,29.55223881,14.73134328,13.11940299,11.58208955,10.32835821,5
49ers,75.79452055,78.09589041,71.79452055,77.06849315,67.90410959,54.76712329,58.45205479,30.49315068,53.65753425,49.89041096,53.30136986,76.5890411,29.2739726,87.24657534,85.57534247,80.82191781,41.10958904,42.87671233,47.94520548,40.57534247,47.56164384,48.43835616,53.52054795,36.79452055,31.80821918,50.94520548,55.79452055,44.5890411,32.32876712,39.84931507,41.67123288,40.21917808,31.30136986,45.16438356,30.87671233,34.78082192,13.94520548,15.69863014,11.95890411,11.12328767,5
Bears,72.76388889,75.875,71,74.55555556,67.41666667,53.08333333,57.19444444,30.95833333,51.55555556,48.59722222,51.54166667,75.77777778,26.13888889,89.23611111,85.65277778,79.06944444,39.55555556,40.65277778,46.51388889,38.59722222,46.73611111,50.375,51.20833333,35.93055556,34.70833333,48.86111111,55.95833333,44.20833333,32.69444444,39.875,39.11111111,37.34722222,29.72222222,48.25,30.44444444,32.30555556,14.59722222,15.97222222,12.90277778,11.58333333,5
Bengals,73.50684932,78.34246575,70.89041096,76.95890411,66.84931507,54.04109589,59.26027397,31.15068493,50.15068493,49.69863014,52.95890411,77.83561644,30.80821918,89.09589041,85.5890411,80.53424658,41.21917808,43.90410959,47.76712329,38.61643836,48.34246575,49.69863014,50.2739726,35.63013699,34.89041096,48.04109589,55.79452055,42.16438356,35.08219178,40.71232877,41.35616438,39.65753425,30.73972603,43.87671233,30.83561644,33.91780822,14.8630137,16.79452055,13.09589041,11.57534247,4
Bills,74.05797101,78.14492754,70.76811594,77.04347826,66.8115942,55.37681159,58.02898551,32.17391304,52.49275362,50.76811594,49.42028986,75.86956522,28.97101449,87.17391304,85.76811594,79.34782609,39,42.31884058,47.05797101,40.60869565,47.76811594,51.55072464,52.28985507,31.55072464,29.71014493,45.49275362,52.34782609,40.30434783,32.71014493,36.98550725,41.47826087,39.47826087,32.68115942,39.88405797,28.57971014,37.15942029,14.62318841,16.31884058,12.33333333,10.63768116,5
Broncos,75.31428571,77.12857143,70.74285714,75.84285714,68.72857143,53.97142857,56.38571429,30.05714286,52.21428571,49.45714286,53.5,75.78571429,25.87142857,88.38571429,85.38571429,80.57142857,35.84285714,40.35714286,43.65714286,35.58571429,43.47142857,47.04285714,49.57142857,38.4,34.41428571,50.7,55.72857143,43.08571429,33.84285714,40.67142857,40.17142857,37.71428571,30.15714286,45.91428571,32.02857143,31.2,13.54285714,15.24285714,11.67142857,11.4,4
Browns,73.45588235,78.27941176,67.88235294,78.19117647,66.38235294,55.85294118,57.67647059,29.55882353,51.66176471,48.27941176,50.89705882,77.33823529,30.76470588,88.16176471,85.13235294,78.55882353,39.73529412,46.14705882,49.16176471,38.55882353,48.69117647,51.82352941,50.17647059,33.63235294,33.80882353,46.05882353,53.60294118,43.83823529,35.13235294,40.5,43,41.08823529,30.95588235,41.48529412,30.11764706,32.75,14.32352941,15.85294118,12.41176471,11.19117647,5
Buccaneers,73.31884058,78.53623188,67.17391304,77.71014493,65.68115942,57.71014493,58.63768116,33.27536232,50.2173913,48.20289855,51.5942029,77.52173913,32.8115942,87.97101449,84.85507246,79.27536232,38.52173913,45.89855072,48.63768116,39.31884058,50.66666667,52.68115942,49.57971014,34.65217391,34.14492754,48.88405797,55.39130435,42.17391304,34.20289855,41.53623188,43.49275362,42.79710145,34,44.44927536,30.49275362,34.24637681,16.31884058,18.49275362,14,12.84057971,5
Cardinals,74.27272727,76.81818182,70.96969697,75.6969697,68.6969697,52.16666667,56.66666667,29.16666667,52.45454545,49.81818182,52.57575758,74.75757576,28.57575758,89.31818182,86.63636364,79.10606061,37.71212121,39.96969697,44.60606061,34.22727273,45.04545455,47.06060606,50.84848485,37,34.63636364,47.46969697,53.92424242,44,34.12121212,39.96969697,39.43939394,38.03030303,29.62121212,44.22727273,30.43939394,32.31818182,12.77272727,14.37878788,10.87878788,10.04545455,4
Chargers,73.98507463,75.07462687,70.58208955,74.49253731,69.37313433,52.71641791,55.55223881,27.40298507,52.17910448,49.73134328,53.1641791,73.67164179,27.65671642,87.94029851,85.3880597,79.26865672,37.01492537,40.91044776,43.32835821,33.71641791,41.55223881,45.07462687,50.76119403,36.74626866,33.70149254,49.41791045,54.67164179,43.40298507,33.34328358,39.89552239,38.10447761,35.71641791,29.79104478,44.76119403,27.02985075,31.07462687,12.47761194,14.07462687,10.85074627,9.880597015,5
Chiefs,73.98529412,78.58823529,69.66176471,76.66176471,67.44117647,52.38235294,56.33823529,31.01470588,50.35294118,48.60294118,55.19117647,76.32352941,29,88.48529412,86.33823529,80.26470588,36.05882353,42.47058824,44.92647059,35.61764706,46.55882353,48.70588235,51.04411765,38.04411765,35.79411765,49.67647059,56.82352941,42.57352941,33.76470588,39.01470588,38.91176471,37.51470588,29.75,44.52941176,29.75,32.35294118,14.35294118,15.97058824,12.55882353,11.02941176,5
Colts,72.94444444,77.98611111,70.54166667,77.72222222,66.48611111,55.86111111,58.15277778,29.43055556,51.54166667,50.01388889,53.25,76.79166667,29.01388889,87.48611111,85.73611111,78.79166667,39,43.43055556,47.02777778,38.84722222,48.23611111,50.15277778,50.69444444,39.45833333,34.48611111,50.23611111,56.79166667,43.15277778,34.77777778,41.04166667,41.375,40.34722222,31.88888889,46.33333333,30.11111111,34.09722222,11.63888889,13.51388889,9.597222222,9.361111111,3
Cowboys,73.36231884,76.86956522,68.7826087,76.36231884,67.07246377,54.68115942,58.26086957,31.85507246,50.36231884,48.42028986,53.36231884,76.85507246,28.72463768,89.28985507,85.91304348,78.49275362,39.43478261,40.34782609,45.10144928,36.63768116,42.94202899,46.24637681,49.44927536,38.07246377,34.04347826,48.73913043,58.1884058,43.97101449,33.86956522,40.01449275,40.33333333,40.05797101,29.56521739,44.95652174,30.04347826,31.1884058,14.08695652,15.86956522,12.30434783,11.42028986,4
Dolphins,73.64705882,78.98529412,68.79411765,78.02941176,65.69117647,57.07352941,57.48529412,29.44117647,51.89705882,49.95588235,51.95588235,78.19117647,30.27941176,89.26470588,85.55882353,78.38235294,37.38235294,44.35294118,46.55882353,36.02941176,48.08823529,49.98529412,50.94117647,37.22058824,35.48529412,49.73529412,56,42.89705882,33.05882353,39.10294118,43.98529412,42.13235294,33.45588235,46.29411765,29.73529412,35.5,12.58823529,14.80882353,10.57352941,10.32352941,5
Eagles,73.77142857,78.7,69.37142857,76.84285714,68.55714286,55.17142857,57.58571429,30.01428571,51.3,48.05714286,53.64285714,76.42857143,28.28571429,88.47142857,87.12857143,80.84285714,39.25714286,43.52857143,48.07142857,38.15714286,48.4,49.62857143,50.6,38.14285714,34.75714286,49.57142857,57.17142857,43.97142857,34.5,40.57142857,40.55714286,38.72857143,30.77142857,45.7,30.81428571,30.58571429,15.24285714,16.91428571,13.15714286,12.22857143,5
Falcons,73.72307692,75.95384615,71.30769231,75.52307692,68.58461538,52.32307692,56.35384615,30.09230769,52.23076923,49.75384615,54.06153846,75.04615385,27.04615385,89.13846154,85.4,80.2,36.4,40.04615385,44.63076923,37.29230769,44.18461538,47.56923077,50.30769231,36.47692308,35.58461538,48,55.13846154,43.98461538,33.81538462,39.24615385,37.43076923,36.07692308,28.64615385,46.36923077,29.78461538,29.70769231,13.33846154,14.96923077,11.29230769,10.6,5
Giants,73.51428571,77.1,69.3,75.65714286,68.27142857,53.55714286,56.42857143,31.75714286,55.11428571,51,50.37142857,74.52857143,31.42857143,87.81428571,85.21428571,79.4,37.84285714,43.3,46.48571429,36.58571429,45.64285714,48.84285714,53.24285714,33.72857143,32.2,45.45714286,53.72857143,41.37142857,32.14285714,38.71428571,40.18571429,38.74285714,30.97142857,40.65714286,29.24285714,31.98571429,14.24285714,16.04285714,12.21428571,10.78571429,5
Jaguars,71.81428571,76.58571429,68.71428571,76.3,65.8,53.05714286,56.6,32.82857143,50.8,48.27142857,54.02857143,76.5,28.77142857,89.08571429,85.41428571,78.64285714,36.01428571,42.64285714,43.94285714,35.31428571,43.07142857,47.42857143,50.45714286,37.75714286,36.24285714,49.25714286,57.28571429,44.58571429,34.84285714,41.85714286,37.47142857,36.41428571,29.3,46.38571429,29.65714286,31.07142857,14.52857143,15.87142857,12.78571429,11.81428571,5
Jets,72.30136986,78.45205479,69.79452055,76.32876712,65.95890411,54.49315068,57.95890411,30.17808219,49.89041096,48.16438356,53.17808219,77.42465753,30.4109589,88.01369863,85.63013699,79.89041096,40.67123288,44.95890411,47.50684932,39.46575342,48.05479452,51.43835616,49.12328767,36.67123288,32.10958904,49.19178082,55.90410959,42.67123288,33.90410959,39.79452055,40.98630137,40.31506849,31.56164384,44.30136986,30.57534247,33.54794521,12.84931507,14.56164384,11.36986301,10.4109589,5
Lions,74.65671642,78.35820896,68.31343284,77.14925373,68.19402985,55.79104478,58.1641791,30.07462687,49.95522388,48.34328358,52.08955224,76.50746269,29.20895522,89.34328358,85.43283582,79.23880597,39.55223881,45.31343284,48.31343284,39.31343284,47.29850746,51.40298507,49.1641791,37.7761194,35.2238806,48.44776119,57.53731343,44.35820896,33.85074627,40.3880597,42.02985075,40.89552239,32.26865672,46.10447761,32.20895522,33.68656716,12.56716418,13.97014925,10.32835821,9.925373134,4
Packers,74.71641791,77.88059701,70.92537313,76.64179104,67.23880597,55.2238806,57.70149254,31.29850746,52.65671642,51.1641791,51.86567164,76.97014925,27.94029851,89.70149254,85.43283582,78.43283582,38.28358209,41.29850746,45.01492537,37.65671642,46.65671642,47.98507463,52.56716418,34.88059701,34.19402985,47.35820896,53.64179104,41.8358209,32.37313433,39.34328358,40.70149254,39.50746269,30.19402985,42.94029851,27.28358209,34.65671642,13.6119403,15.95522388,11.62686567,10.73134328,3
Panthers,73.94202899,77.28985507,70.84057971,76.63768116,68.08695652,55.91304348,58.72463768,29.73913043,52.49275362,50.57971014,53.24637681,76.50724638,25.79710145,88.84057971,85.1884058,78.75362319,39.11594203,42.43478261,46.94202899,37.69565217,46.76811594,49.01449275,52,38.89855072,36.05797101,49.37681159,55.84057971,42.69565217,32.52173913,40.89855072,43.13043478,43.27536232,32.52173913,44.57971014,28.88405797,34.53623188,13.52173913,15.13043478,11.95652174,11.08695652,4
Patriots,75.43478261,75.50724638,72.47826087,74.79710145,69.33333333,54.7826087,56.91304348,30.49275362,51.88405797,48.98550725,55.10144928,74.28985507,28.28985507,88.17391304,86.53623188,82.05797101,40.37681159,37.30434783,42.97101449,37.88405797,42.26086957,44.98550725,51.7826087,40.2173913,34.44927536,51.63768116,57.49275362,44.94202899,34.62318841,41.71014493,36.8115942,36.07246377,28.43478261,47.76811594,32.31884058,29.33333333,13.26086957,14.62318841,11.31884058,10.56521739,1
Raiders,73.41666667,77.61111111,71.20833333,76,68.36111111,52.08333333,57.91666667,30.58333333,50.125,48.59722222,53.26388889,76.06944444,29.51388889,87.58333333,85.23611111,78.54166667,39.15277778,41.44444444,45.01388889,36.55555556,45.56944444,47.76388889,50.51388889,37.125,35.13888889,49.11111111,55.54166667,44.08333333,34.18055556,40.97222222,38.36111111,37.01388889,30.77777778,45.625,31.18055556,33.84722222,13.75,15.72222222,11.70833333,10.88888889,5
Rams,73.39393939,77.59090909,69.56060606,76.65151515,65.34848485,52.34848485,56.07575758,29.65151515,51.04545455,49.66666667,51.65151515,76.6969697,27.15151515,89.54545455,87.03030303,79.6969697,39.53030303,41.72727273,44.43939394,37.6969697,43.07575758,44.77272727,50.56060606,36.07575758,34.71212121,46.74242424,54.98484848,40.62121212,31.46969697,38.13636364,38.83333333,36.33333333,27.06060606,45.36363636,29.72727273,30.22727273,14.42424242,16.90909091,12.10606061,11.98484848,5
Ravens,74.17647059,75.83823529,73.01470588,75.27941176,67.89705882,53.20588235,57.52941176,28.76470588,52.75,50.70588235,53.42647059,74.51470588,27.58823529,88.41176471,84.97058824,81.48529412,39.25,42.38235294,45.22058824,37.66176471,43.36764706,45.47058824,52.52941176,37.57352941,33,50.35294118,53.94117647,41.08823529,32.73529412,37.42647059,39.95588235,38.27941176,29.36764706,45.44117647,28.72058824,33.22058824,12.83823529,14.51470588,10.41176471,9.882352941,4
Redskins,73.31081081,76.47297297,68.89189189,75.66216216,68.66216216,52.67567568,55.56756757,29.78378378,52.25675676,49.77027027,51.21621622,75.17567568,29.67567568,87.60810811,85.06756757,78.78378378,32.05405405,43.16216216,42.90540541,30.94594595,43.08108108,46.32432432,50.91891892,35.37837838,32.48648649,47.32432432,53.75675676,43.2972973,32.75675676,39.78378378,37.7972973,36.47297297,30.01351351,42.91891892,27.63513514,30.63513514,12.32432432,14.2972973,10.21621622,10.06756757,5
Saints,74.18571429,76.52857143,71.17142857,76.44285714,68.8,53.8,56.58571429,28.77142857,51.54285714,49.82857143,52.24285714,75.1,26.04285714,88.32857143,85.18571429,78.72857143,37.01428571,40.58571429,43.72857143,36.17142857,42.21428571,46.21428571,50.51428571,37.74285714,36.15714286,47.8,56.54285714,44.22857143,34.67142857,40.78571429,40.27142857,38.77142857,30.34285714,47.17142857,31.14285714,32.22857143,11.72857143,13.12857143,10.07142857,9.557142857,5
Seahawks,75.37681159,79.56521739,71.10144928,77.72463768,68.5942029,55.82608696,57.69565217,30.02898551,51.72463768,47.66666667,54.04347826,77.08695652,28.60869565,88.04347826,84.89855072,79.27536232,39.63768116,41.86956522,45.23188406,37,44.46376812,47.71014493,50.26086957,38.66666667,34.79710145,48.75362319,55.47826087,42.34782609,32.44927536,38.57971014,40.88405797,40.05797101,30.56521739,47.73913043,29.84057971,32.65217391,12.63768116,14.36231884,11.15942029,11.08695652,2
Steelers,72.90140845,77.98591549,70.28169014,75.38028169,66.71830986,52.54929577,55.47887324,28.84507042,51.18309859,48.8028169,53.32394366,76.92957746,27.78873239,88.38028169,85.71830986,80.01408451,39.15492958,42.15492958,45.43661972,37.12676056,45.85915493,49.16901408,50.16901408,36.71830986,34.32394366,49.05633803,54.12676056,40.85915493,31.77464789,38.23943662,38.01408451,37.38028169,28.46478873,45.15492958,29.70422535,31.42253521,13.54929577,15.43661972,11.42253521,10.53521127,4
Texans,73.03076923,78.24615385,70.58461538,75.70769231,66.41538462,54.72307692,58.95384615,30.18461538,52.72307692,50.06153846,53.23076923,76.50769231,28.93846154,88.55384615,85.24615385,79.53846154,42.18461538,40.6,47.41538462,40.46153846,46.93846154,49.69230769,51.32307692,38.98461538,34.4,49.8,54.81538462,42.70769231,34.13846154,40.41538462,41.33846154,39.87692308,30.72307692,47.90769231,31.50769231,30.69230769,12.67692308,14.50769231,11.26153846,11.09230769,5
Titans,73.88059701,76.88059701,71.26865672,76,68.10447761,51.65671642,56.82089552,28.68656716,51.32835821,47.95522388,53.86567164,73.85074627,28.46268657,89.3880597,85.28358209,78.79104478,35.65671642,41.46268657,43.49253731,33.92537313,41.80597015,44.7761194,49.20895522,38.91044776,36.55223881,49.13432836,56.23880597,44.64179104,33.07462687,39.89552239,37.3880597,37.76119403,28.70149254,44.92537313,29.94029851,30.94029851,13.01492537,14.47761194,11,10.10447761,5
Vikings,73.53424658,77.16438356,70.19178082,76.68493151,66.65753425,52.56164384,55.60273973,29.73972603,52.87671233,50.7260274,53.97260274,76.87671233,26.61643836,89.04109589,85.49315068,79.19178082,36.76712329,43.30136986,44.35616438,35.4109589,45.10958904,47.76712329,52.15068493,36.93150685,32.43835616,49.01369863,54.16438356,44.36986301,34.17808219,41.01369863,38.05479452,36.45205479,27.56164384,45.06849315,30.52054795,29.32876712,12,13.54794521,10.71232877,9.424657534,5
49ers,73.06944444,78.72222222,71.29166667,76.75,65.38888889,55.63888889,58.31944444,31.76388889,53.875,49.86111111,52.25,78.44444444,29.48611111,86.23611111,84.45833333,78.68055556,40.51388889,43.65277778,46.94444444,40.02777778,45.73611111,47.55555556,52.08333333,37.52777778,32.66666667,48.45833333,53.98611111,42.86111111,33.45833333,40.79166667,40.27777778,39.58333333,30.27777778,45.93055556,31.06944444,33.45833333,16.20833333,14.55555556,12.20833333,11.72222222,5
Bears,73,77.375,70.04166667,73.86111111,68.25,51.5,56.30555556,31.55555556,51.84722222,50.72222222,50.375,76.33333333,28.31944444,89.11111111,85.02777778,78.80555556,39.02777778,39,45.59722222,35.20833333,45.75,47.81944444,50.29166667,35.79166667,33.43055556,46.69444444,52.70833333,44.19444444,33.88888889,39.16666667,38.08333333,37.54166667,29.47222222,45.08333333,28.09722222,32.36111111,17.38888889,15.90277778,13.58333333,12.88888889,5
Bengals,74.39189189,79.16216216,71.39189189,76.72972973,68.2027027,56.02702703,58.33783784,32.2972973,50.55405405,49.24324324,53.08108108,78.51351351,29.37837838,88.47297297,86.06756757,79.52702703,41.02702703,43.98648649,46.67567568,39.78378378,47.12162162,48.35135135,50.39189189,37.2972973,35.7027027,48.37837838,54.16216216,44.55405405,35.2027027,41.74324324,42.77027027,40.93243243,31.2972973,45.72972973,31.40540541,34.12162162,18.14864865,16.37837838,14.44594595,12.85135135,4
Bills,73.21917808,78.79452055,70.06849315,77.23287671,67.54794521,56.4109589,59.60273973,32.30136986,51.15068493,49.24657534,50.38356164,77.45205479,32.73972603,87.5890411,85.10958904,77.43835616,39.60273973,44.83561644,48.89041096,40.75342466,50.19178082,53.46575342,51.09589041,34.23287671,32.12328767,45.90410959,52.68493151,41.71232877,34.53424658,40.09589041,42.7260274,41.87671233,32.79452055,42.30136986,30.71232877,36.60273973,16.42465753,14.68493151,11.83561644,11.26027397,5
Broncos,73.34666667,79.06666667,68.98666667,76.72,68.09333333,54.25333333,57.37333333,31.42666667,50.06666667,48.74666667,50.48,77.65333333,29.14666667,87.64,85.77333333,78.98666667,39.33333333,43.74666667,47.68,37.92,45.97333333,49.36,49.30666667,34.65333333,31.78666667,47.54666667,54.66666667,41.58666667,32.76,39.77333333,40.69333333,37.93333333,29.96,43.21333333,29.37333333,33.09333333,15.97333333,14.05333333,11.56,11.65333333,1
Browns,73.02702703,78.7972973,69.55405405,78.94594595,66.66216216,59.5,58.35135135,30.67567568,51.97297297,47.93243243,51.87837838,78.98648649,33.12162162,88.7027027,85.87837838,77.95945946,40.17567568,45.5,50.01351351,40.04054054,50.39189189,52.74324324,50.05405405,34.05405405,32.90540541,46.77027027,54.85135135,43.81081081,34.51351351,39.5,45.54054054,44.14864865,32.45945946,42.36486486,30.74324324,35.21621622,15.09459459,13.56756757,11.52702703,11,5
Buccaneers,72.49315068,78.89041096,69.12328767,76.76712329,66.38356164,56.46575342,58.60273973,33.20547945,52.89041096,49.23287671,52.34246575,79.43835616,29.39726027,88.19178082,85.28767123,78.06849315,40.89041096,44.30136986,48.34246575,39.61643836,50.57534247,53.19178082,52.01369863,34.61643836,35.69863014,47.83561644,55.5890411,42.68493151,33.80821918,40.19178082,42.42465753,41.64383562,31.95890411,45.02739726,30.97260274,35.69863014,16.82191781,14.83561644,12.7260274,11.49315068,5
Cardinals,73.39189189,77.24324324,71.74324324,75.91891892,67.12162162,55.18918919,57.18918919,29.60810811,52.18918919,49.91891892,51.93243243,77.56756757,27.75675676,88.74324324,86.21621622,80.01351351,38.24324324,40.18918919,45.10810811,36.83783784,43.7972973,46.2027027,51.7972973,35.58108108,31.54054054,47.16216216,53.2027027,43.64864865,32.55405405,38.97297297,41.45945946,39.2027027,29.54054054,44.87837838,29.17567568,31.36486486,15.87837838,13.77027027,11.72972973,10.66216216,3
Chargers,73.72857143,77.64285714,70.82857143,76.34285714,69.45714286,54.87142857,57.57142857,28.98571429,49.55714286,46.47142857,52.67142857,77.55714286,31.6,88.24285714,85.21428571,78.05714286,40.97142857,42.85714286,48.62857143,38.57142857,45.74285714,49.12857143,48.75714286,37.05714286,34.35714286,48.24285714,55.1,42.4,32.67142857,39.44285714,41.21428571,39.8,32.81428571,45.48571429,28.31428571,34.28571429,15.81428571,13.82857143,11.5,10.9,5
Chiefs,73.70833333,80.04166667,71.05555556,77.73611111,66.91666667,54.63888889,57.65277778,31.54166667,50.15277778,48.76388889,53.59722222,78.51388889,29.80555556,87.33333333,85.98611111,78.91666667,38.45833333,43.48611111,46.61111111,37.52777778,47.125,49.51388889,50.04166667,37.5,34.94444444,48.52777778,56.44444444,43.88888889,33.13888889,39.47222222,40.65277778,38.97222222,30.55555556,45.44444444,28.91666667,34.06944444,16.68055556,15.125,12.81944444,12.5,4
Colts,73.63888889,77.31944444,71.65277778,75.45833333,69.40277778,55.04166667,56.58333333,28.69444444,52.33333333,50.625,52.22222222,75.56944444,27.83333333,87.30555556,85.18055556,79.19444444,39.44444444,39.68055556,45.375,36.72222222,47.40277778,47.27777778,51.73611111,36.36111111,32.06944444,46.98611111,54.31944444,43.09722222,32.34722222,37.95833333,40.93055556,39.97222222,31.20833333,44.47222222,29.56944444,32.16666667,14.30555556,12.44444444,10.36111111,10.41666667,5
Cowboys,73.97297297,78.62162162,70.66216216,76.14864865,67.47297297,54.94594595,56.81081081,32.35135135,51.18918919,48.97297297,52.94594595,79.75675676,28,88.2027027,85.48648649,78.40540541,39.91891892,41.13513514,45.83783784,38.18918919,42.93243243,46.35135135,50.59459459,37.04054054,33.2027027,47.17567568,56.52702703,42.58108108,31.97297297,38.52702703,40.55405405,39.54054054,29.91891892,43.89189189,28.24324324,31.06756757,16.36486486,14.60810811,12.16216216,11.86486486,5
Dolphins,73.12328767,78.21917808,69.73972603,77.24657534,65.38356164,56.57534247,56.69863014,30.04109589,50.83561644,50.36986301,51.98630137,78.36986301,29.02739726,88.47945205,85.23287671,78.17808219,39.94520548,43.17808219,46.89041096,36.90410959,47.2739726,49.21917808,51.79452055,35.47945205,33.87671233,49.09589041,55.8630137,42.80821918,32.91780822,39.06849315,43.2739726,41.1369863,31.52054795,43.83561644,29.89041096,34.61643836,16.09589041,14.17808219,12.01369863,11.38356164,5
Eagles,74.33333333,79.81944444,69.68055556,77.44444444,69.18055556,56.84722222,57.43055556,31.15277778,49.86111111,46.70833333,54.80555556,78.97222222,31.31944444,88.30555556,87.125,80.30555556,40.875,44.19444444,49.08333333,38.63888889,48.36111111,50.40277778,49.63888889,39.06944444,35.02777778,50.04166667,56.125,45.45833333,34.95833333,41.43055556,40.72222222,38.86111111,30.76388889,45.68055556,30.38888889,31.29166667,17.18055556,15.625,13.11111111,12.72222222,5
Falcons,73.58333333,78.31944444,70.75,76.25,68.79166667,54.75,57.36111111,30.59722222,51.05555556,49.19444444,52.81944444,77.01388889,29.375,87.77777778,85.19444444,79.81944444,39.11111111,41.375,46.76388889,37.77777778,45.90277778,47.38888889,50.55555556,35.29166667,34.44444444,47.26388889,53.79166667,44.25,33.11111111,38.31944444,38.15277778,37.52777778,30.625,45.33333333,29.33333333,30.36111111,15.26388889,13.44444444,11.27777778,11.30555556,5
Giants,73.53424658,77.06849315,70.47945205,75.94520548,67.78082192,52.45205479,55.49315068,33.21917808,52.31506849,49.68493151,51.63013699,75.24657534,29.2739726,87.79452055,85.65753425,78.82191781,37.60273973,41.46575342,43.49315068,36,43.83561644,45.21917808,51.05479452,36.06849315,33.63013699,47.52054795,54.50684932,42.54794521,32.20547945,39.02739726,39.87671233,37.30136986,29.38356164,43.17808219,28.31506849,31.60273973,16.73972603,15.02739726,12.71232877,12.17808219,5
Jaguars,73.21917808,77.82191781,69.8630137,75.68493151,67.38356164,54.49315068,57.97260274,30.09589041,52,49.76712329,51.49315068,77.28767123,28.24657534,88.4109589,84.52054795,78.90410959,40.76712329,41.76712329,45.43835616,38.47945205,46.83561644,48.93150685,51.02739726,35.97260274,33.5890411,46.91780822,54.46575342,41.98630137,31.91780822,38.39726027,41.90410959,40.8630137,31.10958904,44.46575342,28.20547945,33.87671233,16.5890411,14.82191781,12.54794521,11.84931507,5
Jets,74.8630137,77.49315068,71.82191781,75.49315068,70.26027397,54,57.56164384,29.61643836,52.76712329,49.83561644,53.84931507,77.4109589,30.64383562,88.4109589,85.63013699,79.4109589,40.76712329,43.43835616,46.09589041,40.57534247,45.12328767,47.79452055,50.93150685,34.35616438,32.02739726,49.36986301,54.7260274,42.79452055,32.36986301,37.82191781,39.91780822,39.09589041,29.91780822,42.46575342,28.35616438,34.30136986,14.89041096,12.84931507,11.08219178,10.83561644,5
Lions,73.76,77.46666667,70.02666667,75.4,68.61333333,54.86666667,57.4,30.28,52.02666667,49.50666667,50.24,78.01333333,29.77333333,88.96,85.28,79.33333333,39.56,44.65333333,47.81333333,38.04,46.88,50.54666667,50.05333333,33.58666667,32.73333333,45.65333333,53.97333333,42.61333333,32.89333333,39.57333333,42.78666667,40.97333333,32.30666667,42.48,30.4,34.10666667,15.02666667,13.28,10.84,10.57333333,5
Packers,73.91428571,78.52857143,71.78571429,76.47142857,66.92857143,56.41428571,57.92857143,31.62857143,50.47142857,49.75714286,52.45714286,78.61428571,29.8,88.85714286,85.3,78.25714286,39.5,42.45714286,47.31428571,39.97142857,48.24285714,49.85714286,49.81428571,36.15714286,35.05714286,46.64285714,54.85714286,41.81428571,32.27142857,38.9,41.94285714,39.57142857,30.01428571,45.92857143,28.05714286,33.87142857,17.27142857,14.88571429,12.41428571,11.84285714,4
Panthers,73.76712329,76.97260274,71.57534247,76.12328767,69.80821918,55.39726027,58.79452055,29.46575342,52.67123288,50.82191781,53.09589041,77.39726027,26.93150685,88.94520548,84.83561644,79.23287671,41.43835616,41.97260274,45.93150685,38.63013699,45.57534247,48.83561644,52,36.68493151,33.73972603,48.82191781,55.35616438,42.63013699,33.15068493,40.64383562,43.91780822,42.78082192,31.73972603,43.26027397,29.2739726,33.73972603,14.65753425,13.32876712,11.38356164,10.5890411,2
Patriots,75.34666667,77.17333333,71.65333333,75.54666667,69.88,54.82666667,57.06666667,29.57333333,51.98666667,48.8,54.84,77.09333333,28.09333333,88.16,84.97333333,81.02666667,41.72,38.84,43.88,41.38666667,43.45333333,46.65333333,51.81333333,40.50666667,35.86666667,50.49333333,57.36,43.68,32.44,39.68,38.04,37.89333333,29.42666667,48.62666667,28.70666667,31.41333333,15.37333333,13.89333333,11.92,11.74666667,3
Raiders,72.57746479,78.32394366,69.92957746,76.21126761,67.63380282,55.33802817,58.8028169,30.30985915,50.77464789,49.32394366,51.11267606,77.16901408,27.73239437,87.28169014,84.83098592,77.56338028,40.87323944,43.90140845,48.29577465,38.94366197,47.78873239,49.46478873,50.36619718,35.38028169,31.98591549,46.87323944,53.56338028,40.66197183,31.98591549,37.84507042,40.92957746,40.07042254,30.81690141,44.53521127,29.88732394,33.4084507,15.90140845,14.23943662,11.88732394,11.76056338,5
Rams,73.27142857,79.01428571,69.02857143,76.7,65.72857143,54.44285714,57.58571429,31.25714286,51.65714286,49.38571429,52.34285714,79.77142857,29.97142857,88.28571429,86.62857143,79.97142857,42.2,43.01428571,47.85714286,40.68571429,46.41428571,47.01428571,51.07142857,36.04285714,33.87142857,47.1,54.85714286,41.12857143,31.3,37.61428571,40.71428571,38.87142857,28.47142857,45.38571429,28.71428571,31.12857143,16.37142857,14.4,12.05714286,11.7,5
Ravens,74.09589041,77.1369863,70.67123288,75.23287671,67.36986301,54.16438356,57.79452055,29.28767123,52.1369863,51.08219178,53.5890411,76.45205479,27.28767123,88.06849315,84.12328767,79.82191781,40.93150685,42.83561644,46.50684932,37.36986301,44.95890411,48.04109589,51.19178082,37.06849315,33.47945205,50.32876712,54.28767123,42.30136986,33.80821918,39.39726027,42.04109589,38.94520548,28.4109589,46.02739726,29.26027397,31.24657534,14.97260274,13.28767123,11.15068493,10.91780822,5
Redskins,72.26027397,77.8630137,71.8630137,74.84931507,66.01369863,52.16438356,55.42465753,30.63013699,52.65753425,49.95890411,52.05479452,77.73972603,29.53424658,87,84.97260274,78.90410959,35.34246575,41.4109589,43.04109589,33.7260274,43.20547945,46.15068493,51.02739726,36.08219178,32.84931507,46.71232877,53.7260274,41.28767123,31.45205479,37.98630137,39.1369863,37.43835616,28.54794521,44.65753425,27.19178082,29.69863014,14.87671233,13.02739726,11.26027397,10.93150685,4
Saints,73.28378378,77.97297297,71.33783784,75.89189189,69.51351351,54.32432432,57.32432432,30.2972973,49.98648649,48.64864865,51.2027027,76.81081081,28.01351351,87.63513514,85.90540541,79.48648649,38.94594595,40.7972973,45.81081081,38.14864865,44.68918919,47.47297297,49.72972973,39.32432432,35.39189189,47.37837838,56.08108108,43.35135135,32.39189189,38.58108108,40.77027027,39.41891892,29.94594595,48.31081081,30.97297297,32.39189189,16.08108108,14.28378378,12.21621622,11.68918919,5
Seahawks,74.94444444,79.77777778,71.55555556,77.61111111,68.25,57.09722222,58.44444444,29.44444444,51.19444444,48.26388889,56.125,80.29166667,26.45833333,88.44444444,84.80555556,77.63888889,41.83333333,43.01388889,46.625,40.23611111,45.80555556,49.25,49.36111111,42.63888889,37.27777778,51.04166667,58.08333333,45.375,32.19444444,39.36111111,42.29166667,41.29166667,30.86111111,49.65277778,30.63888889,34.22222222,14.73611111,12.93055556,11.11111111,10.86111111,4
Steelers,73.16666667,77.125,72.02777778,75.26388889,66.44444444,54.11111111,56.91666667,31.72222222,51.76388889,51.08333333,52.77777778,77.80555556,26.40277778,88.40277778,85.47222222,79.19444444,38.43055556,42.45833333,45.72222222,38.18055556,45.04166667,48.125,51.43055556,37.77777778,32.73611111,48.56944444,54.61111111,41.72222222,31.76388889,37.58333333,40.41666667,38.48611111,29.80555556,44.66666667,28.91666667,34.69444444,17.63888889,15.43055556,12.94444444,12.48611111,4
Texans,72.91549296,78.15492958,70.94366197,75.12676056,67.29577465,56.73239437,59.26760563,29.83098592,51.77464789,49.09859155,53.35211268,77.84507042,29.42253521,88.67605634,85.23943662,78.30985915,42.25352113,41.02816901,48.02816901,39.35211268,46.12676056,48.4084507,49.74647887,39.56338028,34.77464789,49.78873239,53.78873239,44.25352113,34.12676056,40.8028169,41.09859155,39.81690141,31.02816901,46.16901408,30.52112676,31.33802817,14.6056338,13.21126761,10.98591549,11.04225352,4
Titans,72.98630137,77.52054795,71.61643836,75,67.02739726,53.87671233,56.57534247,29.05479452,53.12328767,50.10958904,50.50684932,76.31506849,29.50684932,88.78082192,84.31506849,77.31506849,38.61643836,40.01369863,45.2739726,36.47945205,44.04109589,46.97260274,51.97260274,34.64383562,32.46575342,45.36986301,52.94520548,41.35616438,30.8630137,38.4109589,40.23287671,39.42465753,29.47945205,41.02739726,28.61643836,32.73972603,14.5890411,12.95890411,10.84931507,10.83561644,5
Vikings,73.42465753,78.52054795,69.47945205,77.53424658,67.23287671,54.71232877,58.21917808,30.21917808,51.53424658,48.26027397,52.56164384,78.23287671,28.76712329,88.69863014,85.94520548,78.31506849,38.52054795,44.19178082,46.47945205,36.10958904,47.10958904,49.52054795,50.67123288,35.79452055,32.4109589,47.75342466,55.08219178,44.35616438,33.71232877,41,40.54794521,38.63013699,29.7260274,43.91780822,30.38356164,31.87671233,15.65753425,13.89041096,11.60273973,10.79452055,4
49ers,70.13513514,78.35135135,71.40540541,76.41891892,65.72972973,53.64864865,57.55405405,31.39189189,51.56756757,49.63513514,50.68918919,77.89189189,29.7972973,87.21621622,85.02702703,79.75675676,40.82432432,43.90540541,47,39.45945946,44.71621622,47.06756757,49.98648649,34.41891892,31.77027027,45.52702703,53.32432432,41.64864865,32.94594595,39.94594595,38.91891892,38.55405405,29.97297297,44.90540541,30.22972973,31.95945946,16.83783784,15.02702703,13.33783784,12.58108108,5
Bears,69.67567568,79.35135135,69.24324324,77.22972973,65.89189189,54.44594595,55.81081081,30.59459459,47.59459459,45.68918919,52.52702703,80.21621622,30.71621622,88.12162162,85.98648649,78.67567568,39.41891892,42.95945946,48.5,36.56756757,47.02702703,49.87837838,46.87837838,37.01351351,34.91891892,50.66216216,55.04054054,45.28378378,36.60810811,42.02702703,40.95945946,40.01351351,32.87837838,46.98648649,29.64864865,34.28378378,15.43243243,13.93243243,12.27027027,11.86486486,5
Bengals,71.63513514,78.39189189,72.28378378,76.13513514,66.33783784,54.21621622,55.27027027,31.04054054,50.33783784,48.24324324,51.17567568,77.81081081,27.75675676,88.52702703,86.7972973,80.16216216,38.90540541,42.98648649,45.12162162,38.2972973,44.74324324,47.16216216,48.56756757,34.36486486,33.27027027,47.52702703,53.67567568,44.63513514,33.51351351,40.09459459,39.2972973,39.52702703,30.02702703,43.81081081,30.39189189,31.82432432,17.97297297,16.37837838,14.41891892,12.54054054,5
Bills,72.35135135,78.74324324,69.93243243,77.44594595,68.39189189,55.41891892,58.40540541,30.47297297,50.14864865,48.48648649,52.87837838,78.67567568,31.01351351,88.25675676,85.17567568,78.83783784,39.37837838,44.25675676,48.48648649,40.67567568,47.89189189,51.7972973,50.05405405,36.54054054,34.08108108,49.87837838,54.60810811,44.64864865,35.16216216,40.62162162,43.60810811,41.51351351,32.41891892,45.75675676,31.68918919,33.48648649,14.27027027,12.83783784,10.93243243,10.12162162,5
Broncos,70.7027027,78.14864865,72.02702703,76.54054054,64.7027027,53.59459459,55.85135135,28.45945946,50.08108108,48.5,53.04054054,79.31081081,28.90540541,87.33783784,86.09459459,79.95945946,39.58108108,42.04054054,44.58108108,36.71621622,42.32432432,47.06756757,50.17567568,37.13513514,35.21621622,50.56756757,55.17567568,42.47297297,31.66216216,38.35135135,38.43243243,35.71621622,28.52702703,47.55405405,27.74324324,32.13513514,14.10810811,12.41891892,10.77027027,10.62162162,5
Browns,70.08108108,78.95945946,69.93243243,78.81081081,65.51351351,56.48648649,56.04054054,32.41891892,49.48648649,45.05405405,51.63513514,80.06756757,32.17567568,88.85135135,86.48648649,79.66216216,37.44594595,45.52702703,49,39.09459459,48.52702703,50.55405405,47.55405405,34.52702703,32.90540541,44.05405405,54.27027027,42.25675676,34.60810811,40.12162162,44.05405405,42.86486486,32.67567568,45.55405405,30.45945946,33.87837838,16.87837838,15,13.24324324,12.54054054,5
Buccaneers,70.95945946,79.2972973,71.36486486,77.55405405,65.85135135,57,57.60810811,33.16216216,50.87837838,47.82432432,53.75675676,79.16216216,28.89189189,88.93243243,85.72972973,78.68918919,41.51351351,43.51351351,47.87837838,39.5,47.81081081,51.32432432,49.35135135,35.60810811,35.94594595,50.02702703,56.83783784,43.2027027,33.08108108,39.72972973,43.13513514,41.91891892,31.98648649,44.85135135,30.66216216,34.09459459,16.67567568,15.06756757,13.31081081,11.72972973,5
Cardinals,71.2972973,77.95945946,72.01351351,75.90540541,67.2972973,53.98648649,57.33783784,30.64864865,49.72972973,47.10810811,52.56756757,78.7027027,28.58108108,88.62162162,87.01351351,80.64864865,39.39189189,42.32432432,48.36486486,38.98648649,46.64864865,49.09459459,49.18918919,35.39189189,32.93243243,49.52702703,55.14864865,44.64864865,33.12162162,39.36486486,39,37.81081081,31.14864865,46.31081081,30.37837838,32.33783784,16.08108108,13.72972973,12,11.27027027,5
Chargers,70.32432432,77.18918919,72.64864865,76.01351351,65.68918919,53.59459459,56.04054054,29.74324324,49.93243243,47.66216216,51.05405405,76.01351351,30.55405405,88.67567568,85.75675676,80.35135135,39.43243243,41.85135135,47.66216216,37.41891892,43.33783784,47.77027027,50.14864865,33.14864865,32.66216216,47,52.13513514,39.56756757,30.09459459,36.95945946,39.75675676,39.54054054,32.2027027,42.71621622,26.33783784,32.56756757,15.22972973,13.36486486,11.60810811,11.2972973,5
Chiefs,71.48648649,79.83783784,71.13513514,77.52702703,66.89189189,54.87837838,57.04054054,30.36486486,48.86486486,46.44594595,51.74324324,79.95945946,30.81081081,88.36486486,85.90540541,79.59459459,38.48648649,43.35135135,47.43243243,38.24324324,46.7027027,49.95945946,48.85135135,35.12162162,32.66216216,47.48648649,55.10810811,43.55405405,31.78378378,37.72972973,41.44594595,39.41891892,31.24324324,45.52702703,28.90540541,34.75675676,16.48648649,14.94594595,13.08108108,12.17567568,4
Colts,69.55405405,77.86486486,72.7972973,76.48648649,63.10810811,53.60810811,54.13513514,27.94594595,49.24324324,47.75675676,53.48648649,76.36486486,28.51351351,88.24324324,85.45945946,79.14864865,36.7972973,41.33783784,43.09459459,33.47297297,44.58108108,46.81081081,49.52702703,37.27027027,34.44594595,48.36486486,55.12162162,41.78378378,32.48648649,38.40540541,38.78378378,37.56756757,29.91891892,46.66216216,29.54054054,31.93243243,14.04054054,12.43243243,10.64864865,10.31081081,5
Cowboys,72.51351351,80.60810811,70.58108108,78.33783784,67.98648649,57.02702703,58.87837838,32.74324324,50.14864865,48.36486486,53.91891892,81.12162162,30.72972973,88.85135135,86.13513514,80.05405405,41.36486486,44.87837838,48.64864865,39.10810811,45.08108108,49.48648649,50.62162162,35.32432432,33.89189189,47.71621622,56.21621622,43.48648649,33.98648649,40.33783784,41.91891892,41.16216216,33.01351351,45.7027027,30.90540541,33.66216216,15.71621622,14.21621622,12.33783784,11.64864865,4
Dolphins,70.83823529,78.38235294,71.16176471,76.79411765,66.94117647,55.38235294,56.58823529,31.69117647,49.33823529,48.39705882,52.76470588,77.29411765,26.92647059,88.29411765,85.27941176,79.30882353,38.89705882,42.44117647,44.76470588,38.82352941,45.14705882,48.57352941,48.02941176,37.97058824,34.64705882,46.66176471,55.61764706,43.19117647,31.55882353,37.77941176,41.51470588,39.77941176,31.89705882,46.73529412,28.55882353,32.58823529,17.32352941,15.94117647,14.08823529,12.83823529,4
Eagles,71.35135135,78.59459459,70.10810811,76.16216216,65.90540541,53.52702703,55.18918919,30.43243243,49.63513514,47.2027027,52.56756757,77.17567568,31.5,88.44594595,86.24324324,79.86486486,38.12162162,42.86486486,46.62162162,36.41891892,44.72972973,47.10810811,49.25675676,38.05405405,35.83783784,45.58108108,54.68918919,42.25675676,33.51351351,39.97297297,37.82432432,36.04054054,28.81081081,47.02702703,28.89189189,30.56756757,16.51351351,14.98648649,13.40540541,12.27027027,5
Falcons,70.98648649,78.86486486,71.25675676,76.41891892,66.24324324,53.89189189,56.93243243,30.39189189,50.12162162,48.43243243,53.27027027,77.16216216,30.81081081,89.66216216,86.5,79.7972973,39.43243243,43.28378378,47.31081081,39.83783784,45.62162162,47.58108108,49.22972973,37.52702703,35.95945946,50.56756757,55.52702703,43.67567568,34.27027027,39.37837838,40.08108108,38.22972973,30.62162162,46.7027027,30.41891892,30.55405405,15.04054054,13.52702703,12.17567568,11.43243243,2
Giants,71.24324324,78.37837838,71.54054054,76.10810811,65.45945946,54.13513514,57.36486486,31.13513514,50.66216216,49.28378378,52.06756757,78.41891892,31.98648649,87.74324324,85.62162162,79.44594595,40.2027027,43.35135135,45.93243243,39.21621622,46.21621622,48.05405405,49.93243243,33.58108108,32.81081081,47.91891892,54.09459459,40.97297297,31.25675676,38.39189189,41.41891892,39.75675676,31.85135135,43.86486486,29.05405405,33.14864865,16.60810811,14.75675676,12.60810811,12.08108108,4
Jaguars,72.09459459,78.09459459,70.97297297,76.24324324,68.17567568,54.62162162,57.33783784,30.28378378,48.89189189,47.41891892,54.47297297,78.45945946,29.63513514,88.95945946,85.13513514,77.12162162,39.24324324,42.54054054,45.85135135,37.87837838,45.28378378,47.74324324,47.93243243,39.22972973,37.64864865,50.47297297,57.06756757,44.05405405,33.06756757,40.47297297,40.56756757,39.18918919,28.97297297,46.81081081,30.72972973,31.13513514,16.39189189,14.82432432,13.33783784,12.13513514,5
Jets,70.93243243,78.43243243,72.63513514,76.24324324,65.63513514,54.56756757,57.01351351,30.59459459,50.74324324,47.25675676,52.16216216,78.54054054,27.72972973,87.17567568,85.71621622,79.68918919,40.63513514,43.86486486,47.81081081,39.94594595,46.25675676,48.91891892,49.21621622,33.37837838,33.01351351,49.12162162,54.18918919,40.33783784,31.93243243,37.7972973,41.47297297,39.56756757,30.52702703,43.81081081,27.58108108,33.66216216,15.37837838,13.59459459,11.82432432,11.35135135,5
Lions,71.75675676,77.97297297,70.2972973,76.37837838,68.60810811,54.98648649,56.81081081,31.67567568,50.54054054,48.2972973,51.91891892,77.91891892,31.66216216,89.47297297,86.13513514,79.51351351,40.05405405,44.64864865,47.66216216,38.43243243,45.77027027,49.74324324,49.91891892,33.60810811,33.35135135,47.67567568,53.98648649,42.7027027,33.08108108,39.83783784,40.48648649,39.40540541,31.75675676,45.94594595,31.56756757,32.64864865,15.54054054,13.97297297,12.22972973,11.32432432,4
Packers,71.2972973,78.75675676,73.09459459,76.56756757,64.14864865,54.2972973,56.59459459,30.18918919,50.13513514,48.90540541,53.18918919,78.7972973,29.32432432,88.72972973,85.78378378,80.5,38.59459459,41.71621622,46.08108108,40.18918919,45.47297297,47.55405405,49.13513514,36.41891892,35.13513514,48.82432432,55.2972973,41.13513514,32.58108108,38.58108108,41.05405405,39.2972973,30.86486486,47.62162162,29.09459459,33.55405405,16.45945946,14.28378378,12.28378378,11.52702703,3
Panthers,72.02702703,77,71.82432432,75.37837838,68.32432432,54.59459459,57.12162162,29.32432432,50.98648649,49.41891892,53.17567568,77.47297297,27.90540541,88.94594595,84.93243243,79.21621622,40.89189189,43.41891892,45.59459459,37.71621622,43.63513514,47.43243243,50.18918919,36.13513514,33.08108108,49.63513514,55.25675676,43.40540541,32.87837838,39.09459459,41.37837838,40.89189189,30.55405405,45.28378378,29.91891892,32.18918919,14.78378378,13.21621622,11.7972973,10.90540541,5
Patriots,73.71621622,77.2972973,73.02702703,75.36486486,69.89189189,54.89189189,56.85135135,29.5,52.10810811,49.45945946,52.55405405,78.45945946,30.89189189,88.81081081,85.35135135,80.37837838,40,41.51351351,45.41891892,41.25675676,43.87837838,46.14864865,51.36486486,36.89189189,34.33783784,48.64864865,54.91891892,42.01351351,32.78378378,38.68918919,40.45945946,39.14864865,33.02702703,47.27027027,29.82432432,32.72972973,15.04054054,13.72972973,12.18918919,11.55405405,1
Raiders,71.08219178,78.90410959,70.67123288,77.32876712,65.32876712,56.21917808,57.83561644,29.71232877,49.71232877,46.83561644,55.47945205,79.31506849,28.54794521,88.31506849,85.23287671,79.20547945,42.64383562,43.84931507,48.38356164,39.56164384,46.80821918,49.02739726,49.16438356,39.90410959,37.06849315,51.98630137,57.15068493,44.15068493,35.8630137,41.71232877,42.06849315,41.47945205,30.83561644,51.64383562,32.35616438,32.98630137,14.73972603,13.05479452,11.39726027,11.20547945,4
Rams,69.89041096,78.32876712,70.93150685,76.67123288,63.15068493,51.94520548,56.15068493,30.43835616,49.60273973,48.7260274,50.30136986,78.80821918,29.42465753,88.7260274,86.19178082,79.98630137,40.05479452,43.08219178,47.20547945,38.87671233,44.94520548,46.26027397,49.31506849,33.83561644,31.56164384,46.2739726,52,38.69863014,29.98630137,35.69863014,39.26027397,38.09589041,28.90410959,44.04109589,27.5890411,31.02739726,17.19178082,15.28767123,13.20547945,11.89041096,5
Ravens,72.66216216,78.64864865,71.44594595,77.35135135,68.98648649,55.87837838,58.47297297,29.10810811,49.67567568,47.27027027,52.83783784,78.06756757,30.97297297,87.85135135,86.22972973,81.2027027,41.54054054,45.28378378,49.13513514,38.28378378,46.33783784,49.62162162,48.77027027,34.74324324,33.78378378,49.83783784,55.43243243,42.14864865,32.7027027,38.32432432,43.27027027,41.32432432,31.63513514,45.02702703,29.56756757,33.32432432,15.39189189,13.75675676,11.75675676,11.08108108,5
Redskins,71.63513514,78.41891892,71.14864865,75.74324324,67.85135135,53.5,55.86486486,29.68918919,50.43243243,47.56756757,53.71621622,77.78378378,29.77027027,87.24324324,85.94594595,80.17567568,33.87837838,42.05405405,44.97297297,34.64864865,44.51351351,47.93243243,48.18918919,34.94594595,32.72972973,47.78378378,55.52702703,43.77027027,34.02702703,41.83783784,38.91891892,36.86486486,29.82432432,44.48648649,29.93243243,30.45945946,13.66216216,12.21621622,10.68918919,10.2027027,5
Saints,70.94594595,78.17567568,72.25675676,76.24324324,65.59459459,54.62162162,56.97297297,28.27027027,50.01351351,48.09459459,52.71621622,76.05405405,27.5,87.28378378,85.68918919,80.67567568,38.87837838,42.27027027,45.7972973,37.06756757,45.35135135,48.22972973,47.81081081,39.39189189,36.2972973,46.14864865,57.62162162,44.04054054,33.55405405,39.43243243,40.75675676,39.87837838,30.05405405,48.82432432,30.89189189,30.98648649,13.62162162,12.25675676,10.91891892,10.43243243,5
Seahawks,70.98630137,79.63013699,71.35616438,78.52054795,65.49315068,56.12328767,57.12328767,29.69863014,50.79452055,48.06849315,53.47945205,81.21917808,29.08219178,88.26027397,85.5890411,77.79452055,41.52054795,42.61643836,47.50684932,39.01369863,45.24657534,49.49315068,49.60273973,37.94520548,34.83561644,48.54794521,54.45205479,43.63013699,33.47945205,40.32876712,43.64383562,42.39726027,32.09589041,47.57534247,31.63013699,34.4109589,14.60273973,12.75342466,11.4109589,11.35616438,4
Steelers,71.5,77.52777778,71.88888889,75.625,66.90277778,52.61111111,55.38888889,30.55555556,49.55555556,48.13888889,54.83333333,77.26388889,25.77777778,88.41666667,85.94444444,80.125,39.09722222,41.86111111,44.875,38.22222222,42.45833333,45.86111111,48.33333333,39.65277778,34.83333333,50.97222222,56.04166667,43.26388889,31.36111111,38.22222222,37.30555556,35.41666667,28.01388889,48.02777778,29.5,31.11111111,16.75,14.72222222,12.93055556,12.04166667,3
Texans,71.27027027,78.02702703,71.24324324,73.97297297,66.60810811,53.52702703,56.77027027,30.78378378,51.35135135,50.16216216,52.48648649,78.39189189,30.06756757,89.09459459,85.56756757,78.83783784,39.16216216,38.94594595,46.01351351,38.72972973,43.2972973,45.43243243,49.47297297,36.74324324,34,46.75675676,52.21621622,42.24324324,31.90540541,38.44594595,39,38.47297297,28.71621622,45.59459459,29.08108108,30.02702703,16.68918919,14.89189189,12.85135135,11.98648649,4
Titans,72.36486486,78.41891892,72.14864865,76.44594595,68.71621622,54.13513514,56.13513514,29.31081081,50.31081081,47.7972973,53.18918919,78.22972973,32.35135135,88.86486486,85.63513514,79.97297297,40.59459459,42.40540541,47.72972973,38.5,45.12162162,47.98648649,49.71621622,35.55405405,34.33783784,48.68918919,55.16216216,43.22972973,32.64864865,40.06756757,41.39189189,40.05405405,31.85135135,44.28378378,28.63513514,34.24324324,14.75675676,12.86486486,11.13513514,10.47297297,5
Vikings,71.87837838,78.17567568,71.32432432,76.72972973,67.67567568,53.67567568,57.33783784,30.7972973,50.47297297,47.78378378,53.2027027,76.95945946,27.81081081,88.87837838,85.93243243,79.56756757,38.01351351,43.08108108,45.16216216,36.44594595,45.02702703,47.45945946,50.62162162,35.43243243,34.05405405,49.14864865,55.33783784,44.18918919,33.02702703,39.74324324,38.87837838,38.10810811,29.43243243,46.68918919,29.25675676,30.78378378,15.89189189,14.18918919,12.45945946,11.48648649,5
49ers,71.54794521,80.46575342,71.05479452,78.2739726,69.1369863,56,56.79452055,31.04109589,50.17808219,48.45205479,51.02739726,78.67123288,31.65753425,87.98630137,85.79452055,79.46575342,40.95890411,46.47945205,48.82191781,39.91780822,46.02739726,50.56164384,63.23287671,34.5890411,34.15068493,47.28767123,55.36986301,43.43835616,34.93150685,40.80821918,42.23287671,41.34246575,32.47945205,48.17808219,32.09589041,32.23287671,17.28767123,15.30136986,13.39726027,12.84931507,5
Bears,73.08108108,80.35135135,72.33783784,77.7027027,71.01351351,55.77027027,55.56756757,31.40540541,48.13513514,47.5,54.27027027,79.45945946,33.28378378,88.28378378,86.63513514,78.87837838,40.83783784,43.25675676,48.72972973,37.7972973,46.72972973,50.13513514,62.02702703,37.52702703,35.68918919,50.98648649,56.97297297,47.87837838,36.89189189,42.47297297,41.82432432,41.08108108,31.91891892,51.05405405,31.97297297,33.40540541,16.18918919,14.48648649,12.98648649,12.7027027,5
Bengals,71.35135135,80.02702703,73.55405405,76.67567568,66.5,55.08108108,55.2027027,30.78378378,49.47297297,47.54054054,52.25675676,78.37837838,27.54054054,88.39189189,86.33783784,79.21621622,40.2027027,44.05405405,47.35135135,40.40540541,44.97297297,47.86486486,63.7972973,36.10810811,35.01351351,49.27027027,55.93243243,44.25675676,32.77027027,39.25675676,42.77027027,42.60810811,32.93243243,47.02702703,29.48648649,32.86486486,17.12162162,15.37837838,13.47297297,12.78378378,5
Bills,71.83333333,79.58333333,72.95833333,77.70833333,67.47222222,54.23611111,56.56944444,31.375,51.18055556,48.29166667,51.125,77.73611111,29.55555556,88.23611111,85.66666667,81.43055556,41.15277778,45.48611111,49.76388889,40.54166667,46.77777778,50.11111111,62.97222222,33.22222222,32.02777778,46.875,53.45833333,39.54166667,30.97222222,36.38888889,42.31944444,41.26388889,33.34722222,43.83333333,28.02777778,32.76388889,17.30555556,15.56944444,13.75,12.84722222,4
Broncos,72.6,80.24285714,73.22857143,77.77142857,67.72857143,56.9,58.04285714,30.32857143,51.8,49.64285714,53.22857143,81.24285714,30.41428571,87.85714286,86.55714286,80.74285714,44.05714286,44.41428571,49.27142857,40.64285714,44.37142857,49.2,64.34285714,35.07142857,34.12857143,49.08571429,55.22857143,42.07142857,31.85714286,38.3,43.07142857,41.9,33.4,49.3,28.3,35.68571429,16.15714286,14.08571429,12.22857143,12.5,5
Browns,71.41891892,79.77027027,73.21621622,78.71621622,66.41891892,54.37837838,54.67567568,31.97297297,49.78378378,48.04054054,51.95945946,80.01351351,29.35135135,88.83783784,86.54054054,81.75675676,40.04054054,44.67567568,47.74324324,41.25675676,45.7972973,49.01351351,62.13513514,35.32432432,32.37837838,45.25675676,53.37837838,40.51351351,31.7027027,37.36486486,42.52702703,41.7972973,30.51351351,46.98648649,29.06756757,32.60810811,16.64864865,14.72972973,12.77027027,12.33783784,5
Buccaneers,71.62162162,79.48648649,73.21621622,76.83783784,68.13513514,53.58108108,54.05405405,31,49.71621622,47.83783784,53.54054054,77.89189189,30.33783784,88.25675676,85,78.60810811,41.01351351,43.27027027,46.52702703,37.97297297,44.56756757,49.06756757,62.18918919,37.47297297,35.72972973,48.97297297,56.75675676,43.35135135,31.82432432,37.41891892,41.14864865,39.72972973,32.05405405,47.55405405,29.24324324,32.86486486,15.18918919,13.51351351,11.90540541,11.31081081,5
Cardinals,70.97101449,78.68115942,71.68115942,76.4057971,67.8115942,54.98550725,56.39130435,29.66666667,51.10144928,47.57971014,51.07246377,78.65217391,33.17391304,87.47826087,86.42028986,80.26086957,40.68115942,44.46376812,49.72463768,41,46.71014493,49.95652174,62.88405797,33.89855072,31.47826087,47.91304348,52.73913043,42.02898551,31.91304348,37.69565217,42.60869565,41.31884058,34.27536232,45.5942029,28.86956522,34.85507246,16.11594203,13.76811594,12.04347826,11.62318841,5
Chargers,71.61643836,78.97260274,72.34246575,77.64383562,67.94520548,55.32876712,56.16438356,28.93150685,50.75342466,48.95890411,53.08219178,76.98630137,32.52054795,88.45205479,86.20547945,79.78082192,40.79452055,44.4109589,48.46575342,39.78082192,43.7260274,49.09589041,62.95890411,33.76712329,33.75342466,49.80821918,54.34246575,42.98630137,33.09589041,39.06849315,42.43835616,42.2739726,32.43835616,45.91780822,28.32876712,33.4109589,15.17808219,13.36986301,11.63013699,11.69863014,5
Chiefs,71.7027027,79.2972973,71.89189189,76.97297297,69.68918919,52.25675676,54.87837838,29.7027027,48.32432432,47.78378378,53.72972973,77.94594595,27.55405405,88.36486486,85.05405405,79.75675676,35.43243243,43.37837838,44.39189189,36.01351351,43.36486486,46.67567568,63.64864865,35.40540541,33.98648649,47.89189189,56.56756757,45.91891892,33.95945946,40.12162162,40.18918919,38.45945946,28.40540541,47.17567568,29.63513514,29.66216216,15.33783784,13.85135135,12.87837838,11.93243243,4
Colts,70.67567568,80.06756757,73.16216216,77.22972973,66.27027027,55.45945946,54.32432432,29.39189189,49.21621622,48.28378378,54.27027027,78.89189189,30.60810811,88.2027027,86.16216216,80.71621622,41.47297297,44.54054054,48.82432432,41.08108108,46.39189189,49.82432432,62.98648649,35.90540541,33.94594595,49.48648649,54.63513514,44,33.67567568,39.40540541,43.35135135,42.94594595,32.47297297,47.58108108,29.09459459,32.28378378,15.55405405,13.54054054,11.81081081,10.94594595,5
Cowboys,73.01351351,79.78378378,73.28378378,77.48648649,69.45945946,55.16216216,56.60810811,32.47297297,51.58108108,49.09459459,55.91891892,80.2972973,30.35135135,88.35135135,85.87837838,81.7972973,41.44594595,43.62162162,48.68918919,39.21621622,44.24324324,49.2972973,65.17567568,36.78378378,36.74324324,49.31081081,58.24324324,44.60810811,34.93243243,40.33783784,41.47297297,41.28378378,31.72972973,50.54054054,31.93243243,32.86486486,15.83783784,14.31081081,12.67567568,12.10810811,5
Dolphins,71.08219178,79.30136986,72.52054795,77.60273973,67.4109589,55.89041096,56.90410959,31.1369863,49.90410959,48.31506849,52.87671233,77.53424658,30.71232877,88.84931507,85.97260274,80.24657534,39.91780822,44.47945205,48.31506849,41.23287671,44.63013699,49.31506849,62.50684932,35.80821918,33.80821918,46.79452055,55.8630137,43.90410959,32.57534247,38.84931507,43.90410959,42.52054795,33.36986301,47.17808219,29.34246575,33.71232877,16.75342466,15.05479452,13.4109589,12.89041096,5
Eagles,72.35135135,79.93243243,72.90540541,77.55405405,69.94594595,53.60810811,56.14864865,29.27027027,50.62162162,49.09459459,54.94594595,78,31.21621622,88.75675676,86.2027027,80.90540541,39.52702703,43.39189189,46.75675676,39.09459459,43.2027027,47.21621622,64.56756757,39.28378378,37.10810811,49.45945946,56.90540541,44.44594595,33.52702703,39.67567568,39.45945946,38.31081081,31.2027027,50.36486486,29.17567568,30.90540541,16.32432432,14.72972973,13.21621622,12.43243243,1
Falcons,72.21126761,80.36619718,71.5915493,78.08450704,68.22535211,53.50704225,57.43661972,33.50704225,50.18309859,47.71830986,52.67605634,78.42253521,31.73239437,89.1971831,86.61971831,80.45070423,42.25352113,47.22535211,51.53521127,42.21126761,47.64788732,51.38028169,62.84507042,36.50704225,34.57746479,48.30985915,55.30985915,44.33802817,34.49295775,39.98591549,44.1971831,41.92957746,32.90140845,48.67605634,31.66197183,31.97183099,19.23943662,17.35211268,15.36619718,14.12676056,4
Giants,71.89041096,79.42465753,72.10958904,76.7260274,69,53.75342466,55.35616438,31.09589041,49.73972603,47.80821918,54.4109589,79.15068493,31.17808219,87.1369863,85.82191781,79.94520548,40.15068493,43.60273973,46.31506849,38.47945205,44.71232877,48.24657534,62.8630137,35.89041096,34.45205479,49.32876712,55.68493151,43.43835616,33.46575342,40.26027397,40.78082192,39.4109589,30.5890411,47.60273973,31.60273973,30.63013699,15.73972603,13.79452055,12.26027397,12.24657534,5
Jaguars,71.60810811,79.59459459,73.27027027,76.89189189,68.12162162,54.43243243,56.56756757,29.66216216,49.33783784,49.27027027,52.60810811,78.64864865,32.21621622,88.39189189,85.52702703,79.08108108,41.32432432,45.13513514,49,41.45945946,44.95945946,50.43243243,63,36,36.2027027,48.90540541,57.41891892,42.86486486,34.24324324,40.43243243,41.89189189,41.35135135,31.06756757,47.24324324,32.89189189,32.33783784,15.47297297,13.62162162,11.81081081,11.43243243,4
Jets,69.59459459,79.90540541,72.47297297,76.47297297,65.35135135,54.81081081,56.37837838,30.77027027,50.12162162,48.64864865,52.43243243,79.31081081,31.59459459,87.51351351,85.7027027,79.25675676,39.89189189,44.2972973,47.75675676,38.87837838,45.18918919,49.14864865,61.86486486,33.13513514,34.12162162,48.09459459,55.60810811,41.85135135,33,38.62162162,42.12162162,41.72972973,32.05405405,47.7027027,30.41891892,32.77027027,16.58108108,14.56756757,12.98648649,12,5
Lions,71.98630137,79.02739726,73.24657534,76.31506849,68.20547945,51.98630137,55.4109589,30.39726027,49.60273973,48.23287671,54.15068493,78.52054795,29.98630137,89.01369863,85.54794521,79.46575342,38.80821918,42.80821918,46.38356164,38.49315068,44.53424658,48.10958904,63.06849315,35.56164384,35.87671233,49.12328767,54.91780822,43.02739726,32.78082192,38.94520548,39.98630137,39.06849315,31.49315068,49.80821918,30.56164384,30.65753425,14.35616438,12.97260274,11.82191781,11.5890411,5
Packers,71.47945205,79.97260274,72.95890411,78.04109589,66.36986301,55.38356164,56.15068493,31.90410959,50.19178082,48.49315068,51.06849315,80.8630137,31.28767123,88.67123288,86.17808219,80.93150685,40.71232877,45.36986301,48.89041096,42.54794521,45.91780822,50.38356164,62.67123288,34.1369863,33.63013699,47.09589041,54.78082192,41.20547945,33.52054795,38.80821918,45.23287671,43.67123288,33.95890411,47.83561644,30.90410959,34.08219178,17.8630137,15.36986301,13.34246575,13.57534247,5
Panthers,72.02702703,78.54054054,72.78378378,76.48648649,68.78378378,54.16216216,55.72972973,29.64864865,49.10810811,48.41891892,51.81081081,77.90540541,29.74324324,88.5,85.66216216,80.10810811,40.25675676,43.56756757,47.02702703,39.31081081,44.56756757,49.31081081,62.68918919,33.82432432,33.16216216,48.5,54.31081081,42.72972973,32.06756757,38.2972973,41.04054054,41.32432432,31.21621622,45.22972973,28.5,32.35135135,16.63513514,14.68918919,13.13513514,12.21621622,4
Patriots,73.58108108,78.91891892,73.54054054,77.13513514,70.37837838,56.17567568,56.58108108,30.25675676,51.62162162,48.60810811,53.28378378,78.16216216,31.13513514,88.72972973,86.40540541,79.97297297,40.67567568,44.2972973,47.74324324,41.62162162,44.01351351,48.43243243,64.98648649,36.56756757,33.55405405,48.32432432,55.5,43.17567568,33.90540541,39.44594595,42.33783784,42.13513514,32.44594595,49.72972973,31.39189189,31.55405405,15.85135135,14.51351351,12.98648649,12.25675676,2
Raiders,71.39189189,79.24324324,73.72972973,76.85135135,66,55.89189189,56.74324324,30.58108108,50.64864865,48.78378378,53.52702703,77.83783784,29.58108108,88.60810811,85.85135135,80.94594595,45.17567568,46.52702703,49.81081081,43.52702703,47.05405405,51.28378378,63.17567568,35.48648649,34.52702703,48.78378378,54.85135135,40.47297297,31.75675676,37.25675676,43.85135135,44.28378378,33.39189189,49.89189189,28.40540541,35.22972973,16.27027027,14.22972973,12.28378378,11.75675676,5
Rams,69.95774648,79.25352113,71.25352113,78.32394366,65.21126761,53.87323944,54.35211268,28.97183099,49.35211268,48,53.78873239,79.91549296,31.66197183,88.52112676,86.73239437,79.95774648,40.30985915,44.90140845,48.1971831,39.85915493,45.77464789,49.64788732,63.83098592,36.32394366,35.78873239,48.15492958,56.11267606,42.92957746,34.04225352,39.42253521,42.12676056,40.77464789,30.42253521,49.47887324,31.56338028,30.18309859,14.95774648,13.1971831,11.53521127,10.98591549,4
Ravens,71.15492958,80.30985915,71.45070423,78.50704225,65.52112676,57.08450704,57.8028169,30.4084507,48.5915493,45.46478873,51.54929577,79.49295775,34.1971831,87.6056338,86.78873239,80.84507042,43.11267606,48.12676056,52.21126761,42.22535211,49.02816901,53.77464789,60.1971831,33.30985915,32.78873239,48.09859155,54.12676056,40.91549296,32.83098592,38.70422535,47.01408451,45.74647887,35.05633803,44.81690141,29.78873239,36.08450704,16.63380282,14.74647887,12.32394366,11.76056338,5
Redskins,72.02702703,80.66216216,72.32432432,77.33783784,69.33783784,55.45945946,57.18918919,31,49.41891892,47.86486486,55.24324324,78.39189189,29.04054054,86.81081081,86.31081081,79.5,37.12162162,44.22972973,46.71621622,37.5,44.24324324,48.25675676,62.22972973,36.87837838,35.87837838,49.35135135,56.95945946,45.66216216,35.87837838,42.43243243,41.24324324,38.98648649,30.48648649,50.22972973,32.09459459,30.51351351,15.74324324,14.05405405,12.75675676,12.13513514,5
Saints,72.65277778,79.72222222,71.625,77.66666667,69.83333333,55.36111111,57.19444444,29.68055556,49.61111111,48.95833333,52.81944444,76.58333333,31.625,87.76388889,86.90277778,80.68055556,41.02777778,46.33333333,49.29166667,40.93055556,47.06944444,51.44444444,62.13888889,35.65277778,34.27777778,47.29166667,56.36111111,44.54166667,34.54166667,39.90277778,42.625,43.27777778,33,47.72222222,31.98611111,32.76388889,13.88888889,12.61111111,11.34722222,11.01388889,4
Seahawks,72.16216216,80.28378378,72.2972973,79.48648649,67.5,57.25675676,58.2027027,29.85135135,51.06756757,48.89189189,53.85135135,81.2972973,29.5,88.62162162,86.47297297,80.02702703,43.74324324,46.24324324,51.09459459,41.90540541,46.45945946,50.91891892,62.59459459,36.39189189,36.14864865,48.85135135,54.85135135,43.7972973,34.05405405,40.58108108,44.95945946,43.78378378,32.81081081,49.81081081,31.45945946,32.58108108,14.81081081,13.09459459,11.58108108,11.33783784,5
Steelers,72,78.38356164,74.38356164,76.15068493,68.32876712,55.21917808,56.90410959,30.15068493,52.4109589,50.61643836,54.64383562,78.57534247,29.06849315,88.87671233,85.79452055,80.79452055,42.84931507,43.57534247,48.38356164,41.80821918,44.38356164,48.90410959,64.76712329,37.87671233,33.67123288,50.23287671,55.67123288,43.34246575,31.87671233,38.64383562,42.08219178,41.38356164,31.98630137,48.5890411,28.75342466,34.26027397,15.46575342,13.26027397,11.61643836,11.24657534,3
Texans,70.67567568,79.43243243,70.93243243,76.5,66.39189189,55.04054054,55.67567568,31.36486486,50.74324324,49.97297297,50.59459459,78.44594595,32.17567568,88.32432432,86.78378378,78.58108108,40.36486486,43.78378378,47.55405405,40.14864865,45.10810811,48.35135135,61.67567568,33.78378378,32.18918919,44.71621622,51.77027027,40.97297297,33.10810811,38.98648649,42.98648649,42.10810811,31.48648649,45.77027027,30.2027027,31.64864865,16.44594595,14.68918919,13.04054054,12.66216216,5
Titans,71.63513514,78.97297297,72.35135135,76.93243243,67.21621622,54.18918919,54.18918919,29.10810811,50.7027027,48.04054054,52.89189189,78.74324324,31.41891892,89.12162162,86.16216216,80.31081081,38.24324324,43.87837838,47.2972973,38.55405405,44.02702703,47.52702703,62.41891892,35.48648649,34.24324324,47.77027027,54.52702703,42.58108108,31.56756757,38.68918919,41.12162162,40.37837838,32.97297297,46.63513514,27.60810811,34.64864865,14.27027027,12.64864865,11.17567568,10.66216216,4
Vikings,71.41891892,78.94594595,71.98648649,77.17567568,67.13513514,52.60810811,54.04054054,31.16216216,49.43243243,48.21621622,51.82432432,78.01351351,27.02702703,88.10810811,86.68918919,79.5,36.98648649,43.51351351,45.35135135,37.72972973,44.02702703,46.72972973,63.37837838,35.52702703,34.87837838,48.62162162,54.45945946,43.12162162,31.86486486,38.37837838,39.33783784,38.40540541,30.10810811,47.64864865,27.90540541,29.22972973,16.36486486,14.93243243,13.56756757,12.86486486,3